{
  "book": "A Game of Thrones",
  "Llama-2-7b": 0.006492066778685205,
  "Llama-3-8b": 0.0075151368562369715,
  "Llama-3.1-8b": 0.007805261206587472,
  "huggyllama-13b": 0.007582323547897087,
  "Llama-2-13b": 0.0078009856898454645,
  "pythia-12b": 0.006670416905637513,
  "huggyllama-65b": 0.0333704081713676,
  "Llama-2-70b": 0.030660952133146922,
  "Llama-3-70b": 0.37390798721498336,
  "Llama-3.1-70b": 0.3938551051807658,
  "deepseek-1-67b": 0.008086834523453958,
  "Qwen-2.5-72b": 0.012486341250979551,
  "gemma-2-27b": 0.008695179477031008,
  "phi-4": 0.005933806449800242
}