{
  "book": "A Little Life",
  "Llama-2-7b": 0.00021311316428750164,
  "Llama-3-8b": 0.00034840410566102796,
  "Llama-3.1-8b": 0.00030290803688055005,
  "huggyllama-13b": 0.0005321842782348004,
  "Llama-2-13b": 0.0005082389788766542,
  "pythia-12b": 0.0004298181234787252,
  "huggyllama-65b": 0.0016133145442551037,
  "Llama-2-70b": 0.0015869747149611427,
  "Llama-3-70b": 0.0035187617406795915,
  "Llama-3.1-70b": 0.004644789442996419,
  "deepseek-1-67b": 0.00042802222602686423,
  "Qwen-2.5-72b": 0.00028794222478170867,
  "gemma-2-27b": 0.0007147671858406656,
  "phi-4": 0.0003573835929203328
}