{
  "book": "A People's History of the United States",
  "Llama-2-7b": 0.013042203590331406,
  "Llama-3-8b": 0.020053548838884296,
  "Llama-3.1-8b": 0.020460645274846784,
  "huggyllama-13b": 0.019122734176285714,
  "Llama-2-13b": 0.01663264297912524,
  "pythia-12b": 0.00917262778589751,
  "huggyllama-65b": 0.06860654777363062,
  "Llama-2-70b": 0.06767843268951985,
  "Llama-3-70b": 0.17907221966362172,
  "Llama-3.1-70b": 0.26270192172194234,
  "deepseek-1-67b": 0.017103989383097724,
  "Qwen-2.5-72b": 0.1881854567227873,
  "gemma-2-27b": 0.02050491836204695,
  "phi-4": 0.010067268096759372
}