{
  "book": "A Perfectly Good Family",
  "Llama-2-7b": 0.001712910944820954,
  "Llama-3-8b": 0.002397751521058443,
  "Llama-3.1-8b": 0.0023945135041495186,
  "huggyllama-13b": 0.001421489423017767,
  "Llama-2-13b": 0.001844050629632388,
  "pythia-12b": 0.0027069821358607134,
  "huggyllama-65b": 0.0020869018978017105,
  "Llama-2-70b": 0.0018764307987216308,
  "Llama-3-70b": 0.004235326116872982,
  "Llama-3.1-70b": 0.005781479190884335,
  "deepseek-1-67b": 0.0027539333810401158,
  "Qwen-2.5-72b": 0.0027814565247659723,
  "gemma-2-27b": 0.0024317506986021482,
  "phi-4": 0.0021532812444346582
}