{
  "book": "A Return to Love",
  "Llama-2-7b": 0.00643152567376439,
  "Llama-3-8b": 0.00845202768331187,
  "Llama-3.1-8b": 0.008500714478722653,
  "huggyllama-13b": 0.008500714478722653,
  "Llama-2-13b": 0.00940872321313375,
  "pythia-12b": 0.006244081511432876,
  "huggyllama-65b": 0.027612716017225387,
  "Llama-2-70b": 0.030395166374951616,
  "Llama-3-70b": 0.04347243962228784,
  "Llama-3.1-70b": 0.040212858669535945,
  "deepseek-1-67b": 0.010849852357292918,
  "Qwen-2.5-72b": 0.007987068787138896,
  "gemma-2-27b": 0.007288413272994165,
  "phi-4": 0.005810769032276911
}