{
  "book": "A Visit from the Goon Squad",
  "Llama-2-7b": 0.0006607543387287446,
  "Llama-3-8b": 0.0,
  "Llama-3.1-8b": 0.000979894189407254,
  "huggyllama-13b": 0.0006607543387287446,
  "Llama-2-13b": 0.0006607543387287446,
  "pythia-12b": 0.0019845104799234062,
  "huggyllama-65b": 0.0029194553945872084,
  "Llama-2-70b": 0.003573467342104435,
  "Llama-3-70b": 0.007387413304086338,
  "Llama-3.1-70b": 0.010608028839454676,
  "deepseek-1-67b": 0.0018608999743789133,
  "Qwen-2.5-72b": 0.0021688025063715598,
  "gemma-2-27b": 0.0017350420050972477,
  "phi-4": 0.001125979332323473
}