{
  "book": "A Wrinkle in Time",
  "Llama-2-7b": 0.014401948949485592,
  "Llama-3-8b": 0.01618532525647431,
  "Llama-3.1-8b": 0.01567839415898672,
  "huggyllama-13b": 0.016075915667088502,
  "Llama-2-13b": 0.016896487587482086,
  "pythia-12b": 0.01746177046597544,
  "huggyllama-65b": 0.04542321452667588,
  "Llama-2-70b": 0.0392926305347576,
  "Llama-3-70b": 0.10001130565756987,
  "Llama-3.1-70b": 0.145897687445979,
  "deepseek-1-67b": 0.023176598018227638,
  "Qwen-2.5-72b": 0.02090452554531563,
  "gemma-2-27b": 0.015733098953679626,
  "phi-4": 0.014416536894737033
}