{
  "book": "After I'm Gone",
  "Llama-2-7b": 0.0018680683724243937,
  "Llama-3-8b": 0.002844176170628131,
  "Llama-3.1-8b": 0.002788078021306077,
  "huggyllama-13b": 0.0015782279342604487,
  "Llama-2-13b": 0.002700190920701526,
  "pythia-12b": 0.0035734521118148312,
  "huggyllama-65b": 0.0038969514395720086,
  "Llama-2-70b": 0.003105967534131049,
  "Llama-3-70b": 0.003966139157069208,
  "Llama-3.1-70b": 0.004601918182719152,
  "deepseek-1-67b": 0.004057766134295229,
  "Qwen-2.5-72b": 0.0036183306312724743,
  "gemma-2-27b": 0.002780598268063137,
  "phi-4": 0.0024066106059161107
}