{
  "book": "Alice's Adventures in Wonderland",
  "Llama-2-7b": 0.06444092799159756,
  "Llama-3-8b": 0.18392561174007455,
  "Llama-3.1-8b": 0.18837968243559589,
  "huggyllama-13b": 0.1836074638332516,
  "Llama-2-13b": 0.21017211940688338,
  "pythia-12b": 0.016549248323471676,
  "huggyllama-65b": 0.4289342322979865,
  "Llama-2-70b": 0.4271976170860708,
  "Llama-3-70b": 0.4773899645869426,
  "Llama-3.1-70b": 0.4880388890664096,
  "deepseek-1-67b": 0.38856973760438795,
  "Qwen-2.5-72b": 0.3799839119966768,
  "gemma-2-27b": 0.24943629470221218,
  "phi-4": 0.08334780512676597
}