{
  "book": "All the Onions",
  "Llama-2-7b": 0.00266085339659539,
  "Llama-3-8b": 0.016077325040874554,
  "Llama-3.1-8b": 0.0,
  "huggyllama-13b": 0.00266085339659539,
  "Llama-2-13b": 0.00266085339659539,
  "pythia-12b": 0.02609559837142949,
  "huggyllama-65b": 0.008751963581572788,
  "Llama-2-70b": 0.011893694098034816,
  "Llama-3-70b": 0.027650434392331613,
  "Llama-3.1-70b": 0.027650434392331613,
  "deepseek-1-67b": 0.02768249286698939,
  "Qwen-2.5-72b": 0.02553457506491841,
  "gemma-2-27b": 0.021126534799474243,
  "phi-4": 0.0
}