{
  "book": "Along Came a Spider",
  "Llama-2-7b": 0.0037909824520171087,
  "Llama-3-8b": 0.005482839164148735,
  "Llama-3.1-8b": 0.0054764001281368165,
  "huggyllama-13b": 0.0048115696599062155,
  "Llama-2-13b": 0.004631276651572493,
  "pythia-12b": 0.007826648272487125,
  "huggyllama-65b": 0.007103866480149257,
  "Llama-2-70b": 0.009220699569067514,
  "Llama-3-70b": 0.01102041013439878,
  "Llama-3.1-70b": 0.01125221543082785,
  "deepseek-1-67b": 0.011286020369890423,
  "Qwen-2.5-72b": 0.005618058920399027,
  "gemma-2-27b": 0.004092007385574306,
  "phi-4": 0.0020717598368348274
}