{
  "book": "Americanah",
  "Llama-2-7b": 0.0011900940664853088,
  "Llama-3-8b": 0.0012551440109795774,
  "Llama-3.1-8b": 0.001744618183485632,
  "huggyllama-13b": 0.0013521857314546342,
  "Llama-2-13b": 0.002557209293397644,
  "pythia-12b": 0.001700896089645222,
  "huggyllama-65b": 0.005761718854139896,
  "Llama-2-70b": 0.006351433924719085,
  "Llama-3-70b": 0.008477820634908786,
  "Llama-3.1-70b": 0.009821475226101876,
  "deepseek-1-67b": 0.0016699707061971268,
  "Qwen-2.5-72b": 0.0025934666395092034,
  "gemma-2-27b": 0.0012754054691007431,
  "phi-4": 0.0013500529463892482
}