{
  "book": "Anastasia on Her Own",
  "Llama-2-7b": 0.0,
  "Llama-3-8b": 0.004926804986763808,
  "Llama-3.1-8b": 0.003965201258003937,
  "huggyllama-13b": 0.0027490553657488065,
  "Llama-2-13b": 0.003031879991854651,
  "pythia-12b": 0.0025454216349525987,
  "huggyllama-65b": 0.005696087969771704,
  "Llama-2-70b": 0.00819060117202525,
  "Llama-3-70b": 0.007873837590786704,
  "Llama-3.1-70b": 0.007817272665565537,
  "deepseek-1-67b": 0.0025397651424304817,
  "Qwen-2.5-72b": 0.007528791546937575,
  "gemma-2-27b": 0.002517139172342014,
  "phi-4": 0.004977713419462859
}