{
  "book": "And Then There Were None",
  "Llama-2-7b": 0.01435056754658135,
  "Llama-3-8b": 0.015104503964610095,
  "Llama-3.1-8b": 0.019067503085017607,
  "huggyllama-13b": 0.014933740587877088,
  "Llama-2-13b": 0.018152469141769045,
  "pythia-12b": 0.020427166197872867,
  "huggyllama-65b": 0.024432050674837533,
  "Llama-2-70b": 0.02652631850269516,
  "Llama-3-70b": 0.0468954895914889,
  "Llama-3.1-70b": 0.06028913783826453,
  "deepseek-1-67b": 0.03445231674351019,
  "Qwen-2.5-72b": 0.03180065147839199,
  "gemma-2-27b": 0.019183493303175876,
  "phi-4": 0.017392088822731504
}