{
  "book": "Animal Rights",
  "Llama-2-7b": 0.005353231869087979,
  "Llama-3-8b": 0.0061332864729102465,
  "Llama-3.1-8b": 0.0068597658978985674,
  "huggyllama-13b": 0.006270438930725151,
  "Llama-2-13b": 0.006497597688981086,
  "pythia-12b": 0.005886840650274091,
  "huggyllama-65b": 0.011015056768259493,
  "Llama-2-70b": 0.009975698298880922,
  "Llama-3-70b": 0.013378793658413232,
  "Llama-3.1-70b": 0.014626023821667517,
  "deepseek-1-67b": 0.00789698136012378,
  "Qwen-2.5-72b": 0.009669248275950745,
  "gemma-2-27b": 0.008042705846552116,
  "phi-4": 0.0048110510592884355
}