{
  "book": "Another Country",
  "Llama-2-7b": 0.0011522850234318065,
  "Llama-3-8b": 0.0015830345033953194,
  "Llama-3.1-8b": 0.0015709686916316355,
  "huggyllama-13b": 0.001323619550476117,
  "Llama-2-13b": 0.0012596707481285926,
  "pythia-12b": 0.0017929796280834183,
  "huggyllama-65b": 0.0028764895244622266,
  "Llama-2-70b": 0.0034327234467680517,
  "Llama-3-70b": 0.0055008035830634615,
  "Llama-3.1-70b": 0.0073589385946707725,
  "deepseek-1-67b": 0.0016988662963266842,
  "Qwen-2.5-72b": 0.002181498766874038,
  "gemma-2-27b": 0.0013839486092945361,
  "phi-4": 0.0010352466493240733
}