{
  "book": "Another Brooklyn",
  "Llama-2-7b": 0.02035899469513883,
  "Llama-3-8b": 0.02451908328407569,
  "Llama-3.1-8b": 0.024144974598020216,
  "huggyllama-13b": 0.019663152539075652,
  "Llama-2-13b": 0.021705785964938534,
  "pythia-12b": 0.025850910206433174,
  "huggyllama-65b": 0.030093302706302234,
  "Llama-2-70b": 0.026823592790177403,
  "Llama-3-70b": 0.028432260140215937,
  "Llama-3.1-70b": 0.031567290929360795,
  "deepseek-1-67b": 0.0284846353562637,
  "Qwen-2.5-72b": 0.026195090197604208,
  "gemma-2-27b": 0.024601387195007894,
  "phi-4": 0.018675505607889203
}