{
  "book": "Ararat",
  "Llama-2-7b": 0.003718762299738446,
  "Llama-3-8b": 0.0029141291639764775,
  "Llama-3.1-8b": 0.0028753516634578286,
  "huggyllama-13b": 0.0037265177998421755,
  "Llama-2-13b": 0.0036799847992197965,
  "pythia-12b": 0.004608705936641442,
  "huggyllama-65b": 0.004317874682751574,
  "Llama-2-70b": 0.004922803690842499,
  "Llama-3-70b": 0.0043488966831664935,
  "Llama-3.1-70b": 0.004465229184722441,
  "deepseek-1-67b": 0.005560693574374277,
  "Qwen-2.5-72b": 0.005644065200489372,
  "gemma-2-27b": 0.0041879700560141,
  "phi-4": 0.001816725899298709
}