{
  "book": "Automating the News",
  "Llama-2-7b": 0.012591683004230253,
  "Llama-3-8b": 0.005036372970814556,
  "Llama-3.1-8b": 0.005573786241619806,
  "huggyllama-13b": 0.01417840319205469,
  "Llama-2-13b": 0.015485908663762434,
  "pythia-12b": 0.008717203529514196,
  "huggyllama-65b": 0.01857378323931103,
  "Llama-2-70b": 0.01962759361949339,
  "Llama-3-70b": 0.010207849836524287,
  "Llama-3.1-70b": 0.011620436115372721,
  "deepseek-1-67b": 0.015490412126925606,
  "Qwen-2.5-72b": 0.00878325432257406,
  "gemma-2-27b": 0.011473322985375754,
  "phi-4": 0.004991338339182832
}