{
  "book": "Backroads Boss Lady",
  "Llama-2-7b": 0.0034962318390179474,
  "Llama-3-8b": 0.003074800526435986,
  "Llama-3.1-8b": 0.0030983441751835815,
  "huggyllama-13b": 0.003456207636147035,
  "Llama-2-13b": 0.003192518770173964,
  "pythia-12b": 0.004280235342312881,
  "huggyllama-65b": 0.0036139500827559253,
  "Llama-2-70b": 0.003894119502852313,
  "Llama-3-70b": 0.003192518770173964,
  "Llama-3.1-70b": 0.003192518770173964,
  "deepseek-1-67b": 0.004200186936571056,
  "Qwen-2.5-72b": 0.004251982963815766,
  "gemma-2-27b": 0.0039506242598465425,
  "phi-4": 0.0
}