{
  "book": "Bad Kid",
  "Llama-2-7b": 0.007801300907320711,
  "Llama-3-8b": 0.008298462940713427,
  "Llama-3.1-8b": 0.008729336702987115,
  "huggyllama-13b": 0.0077287981107842735,
  "Llama-2-13b": 0.008153457347640551,
  "pythia-12b": 0.009311430583751088,
  "huggyllama-65b": 0.008733479719932054,
  "Llama-2-70b": 0.00881634005883084,
  "Llama-3-70b": 0.009112565770394002,
  "Llama-3.1-70b": 0.009112565770394002,
  "deepseek-1-67b": 0.009377718854870116,
  "Qwen-2.5-72b": 0.009361146787090359,
  "gemma-2-27b": 0.008855698719807764,
  "phi-4": 0.008157600364585491
}