{
  "book": "Beloved",
  "Llama-2-7b": 0.0017060404318473366,
  "Llama-3-8b": 0.0069421425695478335,
  "Llama-3.1-8b": 0.004475781154901355,
  "huggyllama-13b": 0.00352444357051228,
  "Llama-2-13b": 0.006144367351142823,
  "pythia-12b": 0.0009232469076846728,
  "huggyllama-65b": 0.018747717632517768,
  "Llama-2-70b": 0.035809994662771426,
  "Llama-3-70b": 0.0978416996732118,
  "Llama-3.1-70b": 0.12537618097886644,
  "deepseek-1-67b": 0.003425189846156727,
  "Qwen-2.5-72b": 0.015496689981928331,
  "gemma-2-27b": 0.006893452063260204,
  "phi-4": 0.003181737314718578
}