{
  "book": "Billionaire Democracy",
  "Llama-2-7b": 0.00640534534425215,
  "Llama-3-8b": 0.004965755974709558,
  "Llama-3.1-8b": 0.004287328800557303,
  "huggyllama-13b": 0.011918807159557798,
  "Llama-2-13b": 0.01059670152017328,
  "pythia-12b": 0.0034037187737346094,
  "huggyllama-65b": 0.02036770752839052,
  "Llama-2-70b": 0.021061027006365633,
  "Llama-3-70b": 0.016791899910480707,
  "Llama-3.1-70b": 0.01686801613001974,
  "deepseek-1-67b": 0.011604414078853095,
  "Qwen-2.5-72b": 0.007992203051598524,
  "gemma-2-27b": 0.008419115761187016,
  "phi-4": 0.0036122110272545707
}