{
  "book": "Birding with Yeats",
  "Llama-2-7b": 0.000597782975231783,
  "Llama-3-8b": 0.002127470968885737,
  "Llama-3.1-8b": 0.0020388263451821646,
  "huggyllama-13b": 0.000597782975231783,
  "Llama-2-13b": 0.000597782975231783,
  "pythia-12b": 0.004775444984646297,
  "huggyllama-65b": 0.0033253098584186255,
  "Llama-2-70b": 0.0036412483890544346,
  "Llama-3-70b": 0.006218761293666001,
  "Llama-3.1-70b": 0.005284583336174507,
  "deepseek-1-67b": 0.005109567027836685,
  "Qwen-2.5-72b": 0.004770899106507652,
  "gemma-2-27b": 0.004036739787116527,
  "phi-4": 0.0014205869183264803
}