{
  "book": "Blink",
  "Llama-2-7b": 0.0031306779721400834,
  "Llama-3-8b": 0.008677277423492108,
  "Llama-3.1-8b": 0.008695090669421783,
  "huggyllama-13b": 0.005967437386440557,
  "Llama-2-13b": 0.0063392888952224875,
  "pythia-12b": 0.004776176564893655,
  "huggyllama-65b": 0.021863532722932774,
  "Llama-2-70b": 0.028697139192703693,
  "Llama-3-70b": 0.06863443656703125,
  "Llama-3.1-70b": 0.09726700274323988,
  "deepseek-1-67b": 0.015105632548362963,
  "Qwen-2.5-72b": 0.026194378139584595,
  "gemma-2-27b": 0.008663917489044853,
  "phi-4": 0.006455074993765364
}