{
  "book": "Born to Walk",
  "Llama-2-7b": 0.0022889393793718827,
  "Llama-3-8b": 0.0016513424114996853,
  "Llama-3.1-8b": 0.0016951982875967149,
  "huggyllama-13b": 0.0027106304956894733,
  "Llama-2-13b": 0.002737618727133799,
  "pythia-12b": 0.0015602571303750857,
  "huggyllama-65b": 0.007317184250342835,
  "Llama-2-70b": 0.007610681267299878,
  "Llama-3-70b": 0.008943225194863465,
  "Llama-3.1-70b": 0.008558642896781822,
  "deepseek-1-67b": 0.0042287185144328,
  "Qwen-2.5-72b": 0.006072352074973307,
  "gemma-2-27b": 0.0018621879696584809,
  "phi-4": 0.0009951910345095143
}