{
  "book": "British Destroyers",
  "Llama-2-7b": 0.0003236936797413799,
  "Llama-3-8b": 0.00020300616552746024,
  "Llama-3.1-8b": 0.0,
  "huggyllama-13b": 0.00043182411155153914,
  "Llama-2-13b": 0.00048205244116658087,
  "pythia-12b": 0.0,
  "huggyllama-65b": 0.0008001651953951784,
  "Llama-2-70b": 0.0007297060107963004,
  "Llama-3-70b": 0.0005852995631530555,
  "Llama-3.1-70b": 0.0006097161122714785,
  "deepseek-1-67b": 0.0008071413522861563,
  "Qwen-2.5-72b": 0.0004939119078812435,
  "gemma-2-27b": 0.00016952061245076576,
  "phi-4": 0.0
}