{
  "book": "Brown Girl Dreaming",
  "Llama-2-7b": 0.0030846966339023387,
  "Llama-3-8b": 0.0034230545827764526,
  "Llama-3.1-8b": 0.0034230545827764526,
  "huggyllama-13b": 0.00302830364242332,
  "Llama-2-13b": 0.0031974826168603768,
  "pythia-12b": 0.004319703147292854,
  "huggyllama-65b": 0.00813750867042244,
  "Llama-2-70b": 0.008295409046563692,
  "Llama-3-70b": 0.00543628437857743,
  "Llama-3.1-70b": 0.0054926773700564495,
  "deepseek-1-67b": 0.008030361986612304,
  "Qwen-2.5-72b": 0.0052614661049924715,
  "gemma-2-27b": 0.005831035318930563,
  "phi-4": 0.0
}