{
  "book": "Building and Operating a Realistic Model Railway",
  "Llama-2-7b": 0.0010906801528725678,
  "Llama-3-8b": 0.0,
  "Llama-3.1-8b": 0.0,
  "huggyllama-13b": 0.001061122425152444,
  "Llama-2-13b": 0.0,
  "pythia-12b": 0.001998102393880368,
  "huggyllama-65b": 0.0,
  "Llama-2-70b": 0.0011320609716807411,
  "Llama-3-70b": 0.0014069478394778923,
  "Llama-3.1-70b": 0.0014069478394778923,
  "deepseek-1-67b": 0.003130163365561109,
  "Qwen-2.5-72b": 0.0021813603057451356,
  "gemma-2-27b": 0.001208911063753063,
  "phi-4": 0.0
}