{
  "book": "Buzz",
  "Llama-2-7b": 0.0005263200676290805,
  "Llama-3-8b": 0.0013554265834308753,
  "Llama-3.1-8b": 0.0020443165561191312,
  "huggyllama-13b": 0.0010038691637404083,
  "Llama-2-13b": 0.0010038691637404083,
  "pythia-12b": 0.0006787293536220575,
  "huggyllama-65b": 0.005771231629600728,
  "Llama-2-70b": 0.006086210820652881,
  "Llama-3-70b": 0.021629925868123293,
  "Llama-3.1-70b": 0.019782725321888413,
  "deepseek-1-67b": 0.0024121309663155156,
  "Qwen-2.5-72b": 0.013489237872285082,
  "gemma-2-27b": 0.0042064962934061645,
  "phi-4": 0.0007539179347119261
}