{
  "book": "Call Me Brooklyn",
  "Llama-2-7b": 0.0007899574208418862,
  "Llama-3-8b": 0.0008503748144053191,
  "Llama-3.1-8b": 0.0008654791627961774,
  "huggyllama-13b": 0.001143399173187969,
  "Llama-2-13b": 0.0011902226531996297,
  "pythia-12b": 0.0011131904764062526,
  "huggyllama-65b": 0.0135214126794963,
  "Llama-2-70b": 0.007887490729706174,
  "Llama-3-70b": 0.013805374429244436,
  "Llama-3.1-70b": 0.015867117984596585,
  "deepseek-1-67b": 0.009487041224298063,
  "Qwen-2.5-72b": 0.0008594374234398341,
  "gemma-2-27b": 0.0008805835111870356,
  "phi-4": 0.0008292287266581176
}