{
  "book": "Catch-22",
  "Llama-2-7b": 0.0034360417358477377,
  "Llama-3-8b": 0.005746543859342503,
  "Llama-3.1-8b": 0.006108324449027387,
  "huggyllama-13b": 0.00604365835328661,
  "Llama-2-13b": 0.007541464949228376,
  "pythia-12b": 0.003193980809899156,
  "huggyllama-65b": 0.0259826624954122,
  "Llama-2-70b": 0.02983553838894035,
  "Llama-3-70b": 0.10010311620672178,
  "Llama-3.1-70b": 0.15641767306919271,
  "deepseek-1-67b": 0.006041036754810633,
  "Qwen-2.5-72b": 0.009334638306796931,
  "gemma-2-27b": 0.005633815124875474,
  "phi-4": 0.0023498261006344267
}