{
  "book": "Catching the Sky",
  "Llama-2-7b": 0.0010538748069410374,
  "Llama-3-8b": 0.0020305260288907057,
  "Llama-3.1-8b": 0.001235577359861906,
  "huggyllama-13b": 0.0019737439811029346,
  "Llama-2-13b": 0.0026664849641137457,
  "pythia-12b": 0.003693104388116653,
  "huggyllama-65b": 0.0026551285545561914,
  "Llama-2-70b": 0.0026778413736713,
  "Llama-3-70b": 0.0020714091032979012,
  "Llama-3.1-70b": 0.0020714091032979012,
  "deepseek-1-67b": 0.0036567638775324793,
  "Qwen-2.5-72b": 0.0030253475061324613,
  "gemma-2-27b": 0.001996456800218043,
  "phi-4": 0.0
}