{
  "book": "Charlotte's Web",
  "Llama-2-7b": 0.006640525855058351,
  "Llama-3-8b": 0.017145195460408064,
  "Llama-3.1-8b": 0.016637573359163355,
  "huggyllama-13b": 0.014700321666658033,
  "Llama-2-13b": 0.013472704952423378,
  "pythia-12b": 0.0082048306976696,
  "huggyllama-65b": 0.051109257887566886,
  "Llama-2-70b": 0.07234650906209047,
  "Llama-3-70b": 0.16724594290805306,
  "Llama-3.1-70b": 0.2196449753181703,
  "deepseek-1-67b": 0.01845050943503732,
  "Qwen-2.5-72b": 0.0647425371781391,
  "gemma-2-27b": 0.01939323619449178,
  "phi-4": 0.01288220577342443
}