{
  "book": "Charlie and the Chocolate Factory",
  "Llama-2-7b": 0.008223153821347952,
  "Llama-3-8b": 0.009207263507878437,
  "Llama-3.1-8b": 0.009207263507878437,
  "huggyllama-13b": 0.008245393588275194,
  "Llama-2-13b": 0.010013455058990981,
  "pythia-12b": 0.009190583682683006,
  "huggyllama-65b": 0.04493544907649368,
  "Llama-2-70b": 0.05701164251798641,
  "Llama-3-70b": 0.1708570094185413,
  "Llama-3.1-70b": 0.27667938040009343,
  "deepseek-1-67b": 0.015034082442816,
  "Qwen-2.5-72b": 0.024263585717621678,
  "gemma-2-27b": 0.03830243859044357,
  "phi-4": 0.009190583682683006
}