{
  "book": "Chesapeake Requiem",
  "Llama-2-7b": 0.005818793543827799,
  "Llama-3-8b": 0.00581756022599316,
  "Llama-3.1-8b": 0.005810160318985325,
  "huggyllama-13b": 0.006042024071897497,
  "Llama-2-13b": 0.006393519654769672,
  "pythia-12b": 0.007018811796931752,
  "huggyllama-65b": 0.006846147300082262,
  "Llama-2-70b": 0.006994145440238968,
  "Llama-3-70b": 0.006978112308388658,
  "Llama-3.1-70b": 0.006978112308388658,
  "deepseek-1-67b": 0.0070508780606323715,
  "Qwen-2.5-72b": 0.007033611610947422,
  "gemma-2-27b": 0.006796814586696694,
  "phi-4": 0.005764527559103674
}