{
  "book": "Coal Creek",
  "Llama-2-7b": 0.001982817232214599,
  "Llama-3-8b": 0.0,
  "Llama-3.1-8b": 0.001545212930341801,
  "huggyllama-13b": 0.0025020087768094445,
  "Llama-2-13b": 0.0025020087768094445,
  "pythia-12b": 0.003320353544718462,
  "huggyllama-65b": 0.0032362939613078683,
  "Llama-2-70b": 0.0022300513010692874,
  "Llama-3-70b": 0.002113851288707584,
  "Llama-3.1-70b": 0.0028802769021571174,
  "deepseek-1-67b": 0.0033698003584893997,
  "Qwen-2.5-72b": 0.0028382471104518203,
  "gemma-2-27b": 0.002469868347858335,
  "phi-4": 0.0012732554546016441
}