{
  "book": "Competitive Strategy",
  "Llama-2-7b": 0.0009056419322493039,
  "Llama-3-8b": 0.001641119113041929,
  "Llama-3.1-8b": 0.0011694543992727456,
  "huggyllama-13b": 0.00114547144772516,
  "Llama-2-13b": 0.0010723805477706133,
  "pythia-12b": 0.0017964372754453405,
  "huggyllama-65b": 0.0024622496922187885,
  "Llama-2-70b": 0.004816005079817547,
  "Llama-3-70b": 0.016993634239432082,
  "Llama-3.1-70b": 0.018724974932105405,
  "deepseek-1-67b": 0.002078522467457419,
  "Qwen-2.5-72b": 0.0024691019640895274,
  "gemma-2-27b": 0.002601579220257143,
  "phi-4": 0.0
}