{
  "book": "Cosmos",
  "Llama-2-7b": 0.003328101031456293,
  "Llama-3-8b": 0.011008236093701983,
  "Llama-3.1-8b": 0.013911717338386266,
  "huggyllama-13b": 0.009915445831649094,
  "Llama-2-13b": 0.008962920364025396,
  "pythia-12b": 0.0017826380237455546,
  "huggyllama-65b": 0.036357909850541485,
  "Llama-2-70b": 0.04223372960262984,
  "Llama-3-70b": 0.07729865307543313,
  "Llama-3.1-70b": 0.11574523322847477,
  "deepseek-1-67b": 0.0062889633284070635,
  "Qwen-2.5-72b": 0.03945138613495258,
  "gemma-2-27b": 0.009861890182867037,
  "phi-4": 0.0031891113715219114
}