{
  "book": "Dante and the Origins of Italian Literary Culture",
  "Llama-2-7b": 0.0,
  "Llama-3-8b": 0.0003544618740467447,
  "Llama-3.1-8b": 0.00036298259217286833,
  "huggyllama-13b": 0.0,
  "Llama-2-13b": 0.0,
  "pythia-12b": 0.0004098465418665485,
  "huggyllama-65b": 0.0,
  "Llama-2-70b": 0.0,
  "Llama-3-70b": 0.003589778546535902,
  "Llama-3.1-70b": 0.005471153108784008,
  "deepseek-1-67b": 0.0005615153245115499,
  "Qwen-2.5-72b": 0.0007549356259745571,
  "gemma-2-27b": 0.000592189909765595,
  "phi-4": 0.000777941564915091
}