{
  "book": "Dead Ringers",
  "Llama-2-7b": 0.0049755924573636956,
  "Llama-3-8b": 0.004197590727666827,
  "Llama-3.1-8b": 0.004179497664185504,
  "huggyllama-13b": 0.0047458105511509,
  "Llama-2-13b": 0.004944834249445447,
  "pythia-12b": 0.006647391523037898,
  "huggyllama-65b": 0.00681746631976233,
  "Llama-2-70b": 0.0056034217601655875,
  "Llama-3-70b": 0.006361521120033002,
  "Llama-3.1-70b": 0.006540642448498095,
  "deepseek-1-67b": 0.006755949903925833,
  "Qwen-2.5-72b": 0.006864508284813768,
  "gemma-2-27b": 0.004990066908148754,
  "phi-4": 0.0027917596951680663
}