{
  "book": "Dead Wake",
  "Llama-2-7b": 0.0007042299187476898,
  "Llama-3-8b": 0.0007781546063510385,
  "Llama-3.1-8b": 0.0011957642450927625,
  "huggyllama-13b": 0.0007042299187476898,
  "Llama-2-13b": 0.00101160098825635,
  "pythia-12b": 0.0006341960041760964,
  "huggyllama-65b": 0.0012839551004792135,
  "Llama-2-70b": 0.0017041585879087743,
  "Llama-3-70b": 0.004652067621635292,
  "Llama-3.1-70b": 0.004104765548501728,
  "deepseek-1-67b": 0.0018156940814857566,
  "Qwen-2.5-72b": 0.0019285264994066572,
  "gemma-2-27b": 0.00060696059295381,
  "phi-4": 0.0012152181102515385
}