{
  "book": "Down and Out in the Magic Kingdom",
  "Llama-2-7b": 0.0030337095381316815,
  "Llama-3-8b": 0.0021142908192132454,
  "Llama-3.1-8b": 0.002121735505196391,
  "huggyllama-13b": 0.0030709329680474076,
  "Llama-2-13b": 0.0030709329680474076,
  "pythia-12b": 0.004693874512373068,
  "huggyllama-65b": 0.004582204222625889,
  "Llama-2-70b": 0.005624460260266222,
  "Llama-3-70b": 0.009413805425687144,
  "Llama-3.1-70b": 0.01112980554480212,
  "deepseek-1-67b": 0.004727375599297222,
  "Qwen-2.5-72b": 0.004790655430153956,
  "gemma-2-27b": 0.0036553408177243084,
  "phi-4": 0.0
}