{
  "book": "Drown",
  "Llama-2-7b": 0.0,
  "Llama-3-8b": 0.0,
  "Llama-3.1-8b": 0.0,
  "huggyllama-13b": 0.0,
  "Llama-2-13b": 0.0,
  "pythia-12b": 0.0,
  "huggyllama-65b": 0.0,
  "Llama-2-70b": 0.002102886578611687,
  "Llama-3-70b": 0.003692277597329823,
  "Llama-3.1-70b": 0.003692277597329823,
  "deepseek-1-67b": 0.00119408094483183,
  "Qwen-2.5-72b": 0.0,
  "gemma-2-27b": 0.0,
  "phi-4": 0.0
}