{
  "book": "Dungeons and Dragons and Philosophy",
  "Llama-2-7b": 0.0032052421936126325,
  "Llama-3-8b": 0.0030615027147497453,
  "Llama-3.1-8b": 0.0026451027811366383,
  "huggyllama-13b": 0.00447518789861773,
  "Llama-2-13b": 0.0063082367166939326,
  "pythia-12b": 0.00863770538445124,
  "huggyllama-65b": 0.014282073167840291,
  "Llama-2-70b": 0.01305361927116675,
  "Llama-3-70b": 0.016084003129667828,
  "Llama-3.1-70b": 0.016205514854067384,
  "deepseek-1-67b": 0.012911361642601418,
  "Qwen-2.5-72b": 0.009092633425800791,
  "gemma-2-27b": 0.004759703155748394,
  "phi-4": 0.0030852123195106336
}