{
  "book": "Eat More Plants",
  "Llama-2-7b": 0.007351256842863086,
  "Llama-3-8b": 0.006937529510212287,
  "Llama-3.1-8b": 0.007750959520169792,
  "huggyllama-13b": 0.007355931727977785,
  "Llama-2-13b": 0.007498515723976083,
  "pythia-12b": 0.007267108910798517,
  "huggyllama-65b": 0.009557802617000687,
  "Llama-2-70b": 0.01261284003945603,
  "Llama-3-70b": 0.01570293910027161,
  "Llama-3.1-70b": 0.016086279679676872,
  "deepseek-1-67b": 0.011130901458096667,
  "Qwen-2.5-72b": 0.014901196303100852,
  "gemma-2-27b": 0.009459630029592023,
  "phi-4": 0.006972591148572523
}