{
  "book": "Embraced",
  "Llama-2-7b": 0.052501424854712514,
  "Llama-3-8b": 0.04610567533343985,
  "Llama-3.1-8b": 0.0481493581595885,
  "huggyllama-13b": 0.06378818193308071,
  "Llama-2-13b": 0.05399185865441252,
  "pythia-12b": 0.04122659124674191,
  "huggyllama-65b": 0.06917759055279593,
  "Llama-2-70b": 0.06968314569765417,
  "Llama-3-70b": 0.05683202930312085,
  "Llama-3.1-70b": 0.0604138398105599,
  "deepseek-1-67b": 0.06700274955227369,
  "Qwen-2.5-72b": 0.05484557913488068,
  "gemma-2-27b": 0.04756510811010609,
  "phi-4": 0.02938658514192507
}