{
  "book": "Enlightenment Now",
  "Llama-2-7b": 0.00840256171820706,
  "Llama-3-8b": 0.011942347559194945,
  "Llama-3.1-8b": 0.012374813052189201,
  "huggyllama-13b": 0.010506483373047097,
  "Llama-2-13b": 0.010391640487957574,
  "pythia-12b": 0.005887174412217708,
  "huggyllama-65b": 0.020987373188845672,
  "Llama-2-70b": 0.02164493073661539,
  "Llama-3-70b": 0.05457530772971366,
  "Llama-3.1-70b": 0.05161301753946165,
  "deepseek-1-67b": 0.012651092221461708,
  "Qwen-2.5-72b": 0.022135145794683234,
  "gemma-2-27b": 0.011061666691822727,
  "phi-4": 0.008386811836823355
}