{
  "book": "Essential Pepin Desserts",
  "Llama-2-7b": 0.009386397636091639,
  "Llama-3-8b": 0.010976348552847941,
  "Llama-3.1-8b": 0.010976348552847941,
  "huggyllama-13b": 0.008837456573074689,
  "Llama-2-13b": 0.00828604280256667,
  "pythia-12b": 0.009139126886984905,
  "huggyllama-65b": 0.008310769877477343,
  "Llama-2-70b": 0.008849820110530026,
  "Llama-3-70b": 0.012306665183042171,
  "Llama-3.1-70b": 0.013434219798968881,
  "deepseek-1-67b": 0.013167167389933608,
  "Qwen-2.5-72b": 0.014136468726432008,
  "gemma-2-27b": 0.007202996921479174,
  "phi-4": 0.009784503542153482
}