{
  "book": "Ethnography after Antiquity",
  "Llama-2-7b": 0.0005178706361883628,
  "Llama-3-8b": 0.0005438324886621858,
  "Llama-3.1-8b": 0.0005438324886621858,
  "huggyllama-13b": 0.0005178706361883628,
  "Llama-2-13b": 0.0008020846001123192,
  "pythia-12b": 0.0013076575167078185,
  "huggyllama-65b": 0.0005178706361883628,
  "Llama-2-70b": 0.0020673833048891633,
  "Llama-3-70b": 0.005178706361883628,
  "Llama-3.1-70b": 0.006942745916815492,
  "deepseek-1-67b": 0.0017736044479485355,
  "Qwen-2.5-72b": 0.002443146959115548,
  "gemma-2-27b": 0.0009715198478362163,
  "phi-4": 0.0
}