{
  "book": "Fear of Music",
  "Llama-2-7b": 0.0,
  "Llama-3-8b": 0.003275089262594323,
  "Llama-3.1-8b": 0.0028410852289097745,
  "huggyllama-13b": 0.0,
  "Llama-2-13b": 0.0,
  "pythia-12b": 0.004022743270202158,
  "huggyllama-65b": 0.00715559591671499,
  "Llama-2-70b": 0.007976191778723591,
  "Llama-3-70b": 0.009518911999299759,
  "Llama-3.1-70b": 0.009628324780900905,
  "deepseek-1-67b": 0.004434864747566478,
  "Qwen-2.5-72b": 0.003293324726194514,
  "gemma-2-27b": 0.0017834283400986904,
  "phi-4": 0.0
}