{
  "book": "Fifty Shades of Grey",
  "Llama-2-7b": 0.00167195558747859,
  "Llama-3-8b": 0.001370475090023758,
  "Llama-3.1-8b": 0.0013428493870697297,
  "huggyllama-13b": 0.00124555886797076,
  "Llama-2-13b": 0.0012215365175759526,
  "pythia-12b": 0.0015446371303861112,
  "huggyllama-65b": 0.013901734173475,
  "Llama-2-70b": 0.010268353676260392,
  "Llama-3-70b": 0.0199986067036771,
  "Llama-3.1-70b": 0.027094809010303186,
  "deepseek-1-67b": 0.00213078248001941,
  "Qwen-2.5-72b": 0.0015674583632611782,
  "gemma-2-27b": 0.0015025980171951983,
  "phi-4": 0.0013272348593131049
}