{
  "book": "Fight Club",
  "Llama-2-7b": 0.0016031228422786904,
  "Llama-3-8b": 0.0027003561735611204,
  "Llama-3.1-8b": 0.002734537897277084,
  "huggyllama-13b": 0.004149661259117975,
  "Llama-2-13b": 0.004655550770114235,
  "pythia-12b": 0.0026319927261291933,
  "huggyllama-65b": 0.021452449804138723,
  "Llama-2-70b": 0.035842955488559376,
  "Llama-3-70b": 0.06113401286600081,
  "Llama-3.1-70b": 0.0664766162828059,
  "deepseek-1-67b": 0.0038864619865050555,
  "Qwen-2.5-72b": 0.002594392830041633,
  "gemma-2-27b": 0.005756202273768262,
  "phi-4": 0.0027311197249054874
}