{
  "book": "Frankenstein",
  "Llama-2-7b": 0.03907160665716876,
  "Llama-3-8b": 0.15872093964512368,
  "Llama-3.1-8b": 0.11858486595000647,
  "huggyllama-13b": 0.1132058671156586,
  "Llama-2-13b": 0.19582146095065406,
  "pythia-12b": 0.006415134049993524,
  "huggyllama-65b": 0.6514578746276389,
  "Llama-2-70b": 0.6567012854552519,
  "Llama-3-70b": 0.8334250744722186,
  "Llama-3.1-70b": 0.8352423585027846,
  "deepseek-1-67b": 0.2877966746535423,
  "Qwen-2.5-72b": 0.35259964706644215,
  "gemma-2-27b": 0.491925430643699,
  "phi-4": 0.21921949876958943
}