{
  "book": "Girl in Translation",
  "Llama-2-7b": 0.004132517953807681,
  "Llama-3-8b": 0.002663274549150309,
  "Llama-3.1-8b": 0.0032917119936202765,
  "huggyllama-13b": 0.0036666074346316706,
  "Llama-2-13b": 0.004533417702866108,
  "pythia-12b": 0.004856304527783436,
  "huggyllama-65b": 0.004682942474136548,
  "Llama-2-70b": 0.004552920933901383,
  "Llama-3-70b": 0.005361221509029996,
  "Llama-3.1-70b": 0.005876973618629486,
  "deepseek-1-67b": 0.004836801296748162,
  "Qwen-2.5-72b": 0.004810796988701128,
  "gemma-2-27b": 0.0029926624510793953,
  "phi-4": 0.0
}