{
  "book": "Gone Girl",
  "Llama-2-7b": 0.0019310641141929632,
  "Llama-3-8b": 0.0023547524705208383,
  "Llama-3.1-8b": 0.00240129851530052,
  "huggyllama-13b": 0.0019620948107127514,
  "Llama-2-13b": 0.003783357998758772,
  "pythia-12b": 0.0016649162171193965,
  "huggyllama-65b": 0.008097818303336994,
  "Llama-2-70b": 0.01046927961044541,
  "Llama-3-70b": 0.016939179834821214,
  "Llama-3.1-70b": 0.021238124791139543,
  "deepseek-1-67b": 0.002930013844464601,
  "Qwen-2.5-72b": 0.0029288203561369168,
  "gemma-2-27b": 0.002483649209910727,
  "phi-4": 0.0017627822599894972
}