{
  "book": "Good Omens",
  "Llama-2-7b": 0.0010050753449592758,
  "Llama-3-8b": 0.0013163060625745063,
  "Llama-3.1-8b": 0.0009379751443725061,
  "huggyllama-13b": 0.0012506335258300081,
  "Llama-2-13b": 0.0020301379837103554,
  "pythia-12b": 0.0021828980148334274,
  "huggyllama-65b": 0.015039010914490074,
  "Llama-2-70b": 0.01768161668653499,
  "Llama-3-70b": 0.03977756997337407,
  "Llama-3.1-70b": 0.04512988171805067,
  "deepseek-1-67b": 0.00214292342724982,
  "Qwen-2.5-72b": 0.002871031986808386,
  "gemma-2-27b": 0.0019973017153381064,
  "phi-4": 0.000611040124492287
}