{
  "book": "Graft",
  "Llama-2-7b": 0.0005035550989989325,
  "Llama-3-8b": 0.0,
  "Llama-3.1-8b": 0.0,
  "huggyllama-13b": 0.0005035550989989325,
  "Llama-2-13b": 0.0005035550989989325,
  "pythia-12b": 0.0018871695710175377,
  "huggyllama-65b": 0.0005035550989989325,
  "Llama-2-70b": 0.0011248646211483846,
  "Llama-3-70b": 0.0011233152208437725,
  "Llama-3.1-70b": 0.0011388092238898933,
  "deepseek-1-67b": 0.0022063460337676303,
  "Qwen-2.5-72b": 0.0003780536743253524,
  "gemma-2-27b": 0.00040749228011298226,
  "phi-4": 0.0
}