{
  "book": "Great Hair Days",
  "Llama-2-7b": 0.006806486606770326,
  "Llama-3-8b": 0.006990069817251259,
  "Llama-3.1-8b": 0.006990069817251259,
  "huggyllama-13b": 0.006834302244721983,
  "Llama-2-13b": 0.006806486606770326,
  "pythia-12b": 0.0077855970626686324,
  "huggyllama-65b": 0.006834302244721983,
  "Llama-2-70b": 0.006806486606770326,
  "Llama-3-70b": 0.006990069817251259,
  "Llama-3.1-70b": 0.007017885455202915,
  "deepseek-1-67b": 0.007743873605741147,
  "Qwen-2.5-72b": 0.007532474757308559,
  "gemma-2-27b": 0.007092987677672387,
  "phi-4": 0.006912186030986621
}