{
  "book": "Guam: Past and Present",
  "Llama-2-7b": 0.0006261319185893854,
  "Llama-3-8b": 0.0,
  "Llama-3.1-8b": 0.0,
  "huggyllama-13b": 0.0006261319185893854,
  "Llama-2-13b": 0.0006261319185893854,
  "pythia-12b": 0.0,
  "huggyllama-65b": 0.0006283761190144369,
  "Llama-2-70b": 0.0024012944548051697,
  "Llama-3-70b": 0.0010659952018994912,
  "Llama-3.1-70b": 0.0020646643910474357,
  "deepseek-1-67b": 0.0,
  "Qwen-2.5-72b": 0.0008281099568440258,
  "gemma-2-27b": 0.0007854701487680462,
  "phi-4": 0.0
}