{
  "book": "Harry Potter and the Chamber of Secrets",
  "Llama-2-7b": 0.002275481067421448,
  "Llama-3-8b": 0.009622308547551793,
  "Llama-3.1-8b": 0.0065249659637958484,
  "huggyllama-13b": 0.004956132181447052,
  "Llama-2-13b": 0.0067304313428794725,
  "pythia-12b": 0.0029744474037433103,
  "huggyllama-65b": 0.12992324811960773,
  "Llama-2-70b": 0.16637895112804332,
  "Llama-3-70b": 0.9243810595484754,
  "Llama-3.1-70b": 0.9494094310529236,
  "deepseek-1-67b": 0.02137223989907233,
  "Qwen-2.5-72b": 0.06528230367014934,
  "gemma-2-27b": 0.026739302838686634,
  "phi-4": 0.0019432800339497934
}