{
  "book": "Harry Potter and the Sorcerer's Stone",
  "Llama-2-7b": 0.004859530223668847,
  "Llama-3-8b": 0.021497170166180714,
  "Llama-3.1-8b": 0.026226243202636973,
  "huggyllama-13b": 0.01970338384200765,
  "Llama-2-13b": 0.030163875970003542,
  "pythia-12b": 0.004065915668125613,
  "huggyllama-65b": 0.34827720412853513,
  "Llama-2-70b": 0.3640516523489904,
  "Llama-3-70b": 0.9374218615805758,
  "Llama-3.1-70b": 0.9626957673165609,
  "deepseek-1-67b": 0.12003365795430085,
  "Qwen-2.5-72b": 0.5821173636341893,
  "gemma-2-27b": 0.21459555010534417,
  "phi-4": 0.017298623024388973
}