{
  "book": "Harry Potter and the Goblet of Fire",
  "Llama-2-7b": 0.0015272377684074742,
  "Llama-3-8b": 0.0026450680303152785,
  "Llama-3.1-8b": 0.003926313602673057,
  "huggyllama-13b": 0.0031553062602840817,
  "Llama-2-13b": 0.0038506905600712072,
  "pythia-12b": 0.0013134070962229332,
  "huggyllama-65b": 0.26146623518070866,
  "Llama-2-70b": 0.14079880532977296,
  "Llama-3-70b": 0.8235444954682675,
  "Llama-3.1-70b": 0.8866201976108334,
  "deepseek-1-67b": 0.010871464296796973,
  "Qwen-2.5-72b": 0.03643726807847064,
  "gemma-2-27b": 0.011182648770951712,
  "phi-4": 0.0015628762137715646
}