{
  "book": "Harry Potter and the Deathly Hallows",
  "Llama-2-7b": 0.0017424117273699496,
  "Llama-3-8b": 0.004281255162459896,
  "Llama-3.1-8b": 0.005077686870179893,
  "huggyllama-13b": 0.004166485527722953,
  "Llama-2-13b": 0.002947492892107849,
  "pythia-12b": 0.0004477754688600419,
  "huggyllama-65b": 0.13590289793327712,
  "Llama-2-70b": 0.09291732238964291,
  "Llama-3-70b": 0.5325224105101163,
  "Llama-3.1-70b": 0.6478754575569718,
  "deepseek-1-67b": 0.011054402545799171,
  "Qwen-2.5-72b": 0.04064844843626372,
  "gemma-2-27b": 0.007200925112813335,
  "phi-4": 0.001331153869562571
}