{
  "book": "Industrial Magic",
  "Llama-2-7b": 0.0,
  "Llama-3-8b": 0.0006029889935426748,
  "Llama-3.1-8b": 0.0006029889935426748,
  "huggyllama-13b": 0.0,
  "Llama-2-13b": 0.0,
  "pythia-12b": 0.0005953562214725144,
  "huggyllama-65b": 0.0011092962075299841,
  "Llama-2-70b": 0.0005673693905485928,
  "Llama-3-70b": 0.00121233863047715,
  "Llama-3.1-70b": 0.0006551462693554378,
  "deepseek-1-67b": 0.0008357885416825682,
  "Qwen-2.5-72b": 0.0006169824090046357,
  "gemma-2-27b": 0.0005686415192269528,
  "phi-4": 0.0
}