{
  "book": "Inhuman Land",
  "Llama-2-7b": 0.0,
  "Llama-3-8b": 0.0,
  "Llama-3.1-8b": 0.0,
  "huggyllama-13b": 0.00022353946119430546,
  "Llama-2-13b": 0.0,
  "pythia-12b": 0.0003099315234916216,
  "huggyllama-65b": 0.00021274045340714096,
  "Llama-2-70b": 0.00022353946119430546,
  "Llama-3-70b": 0.0,
  "Llama-3.1-70b": 0.0,
  "deepseek-1-67b": 0.00029805261492574063,
  "Qwen-2.5-72b": 0.0003326094398446671,
  "gemma-2-27b": 0.0,
  "phi-4": 0.0
}