{
  "book": "Invisible Man",
  "Llama-2-7b": 0.007951381271003215,
  "Llama-3-8b": 0.008622131070696449,
  "Llama-3.1-8b": 0.009157571112526495,
  "huggyllama-13b": 0.008239397755597717,
  "Llama-2-13b": 0.007848932454335373,
  "pythia-12b": 0.007042872896778951,
  "huggyllama-65b": 0.010215886718670717,
  "Llama-2-70b": 0.013797729308963402,
  "Llama-3-70b": 0.02885673886086581,
  "Llama-3.1-70b": 0.0322278848282001,
  "deepseek-1-67b": 0.00884635866944116,
  "Qwen-2.5-72b": 0.011350555688180596,
  "gemma-2-27b": 0.008391137984058578,
  "phi-4": 0.007711689699931282
}