{
  "book": "James and the Giant Peach",
  "Llama-2-7b": 0.011646242867260894,
  "Llama-3-8b": 0.012080554850262592,
  "Llama-3.1-8b": 0.012080554850262592,
  "huggyllama-13b": 0.012949178816265986,
  "Llama-2-13b": 0.011579425639106787,
  "pythia-12b": 0.012367868931325254,
  "huggyllama-65b": 0.020325800804479426,
  "Llama-2-70b": 0.016998302842404885,
  "Llama-3-70b": 0.03262017078483516,
  "Llama-3.1-70b": 0.033495476473653966,
  "deepseek-1-67b": 0.017927062313746977,
  "Qwen-2.5-72b": 0.01242800443666395,
  "gemma-2-27b": 0.016430356403094974,
  "phi-4": 0.00792452325907712
}