{
  "book": "Jesse James",
  "Llama-2-7b": 0.0008919395670077596,
  "Llama-3-8b": 0.0012295262557158757,
  "Llama-3.1-8b": 0.002277821762756868,
  "huggyllama-13b": 0.0016360516998022807,
  "Llama-2-13b": 0.0020837982553519926,
  "pythia-12b": 0.00038449347071808595,
  "huggyllama-65b": 0.008636533560381111,
  "Llama-2-70b": 0.007629459164803425,
  "Llama-3-70b": 0.007415535810485229,
  "Llama-3.1-70b": 0.009257693067604045,
  "deepseek-1-67b": 0.004795863106110248,
  "Qwen-2.5-72b": 0.0039586481181141196,
  "gemma-2-27b": 0.000849297037907787,
  "phi-4": 0.0005934418633079516
}