{
  "book": "Jurassic Park",
  "Llama-2-7b": 0.0,
  "Llama-3-8b": 0.0006709527125947218,
  "Llama-3.1-8b": 0.0006709527125947218,
  "huggyllama-13b": 0.0005797031436818396,
  "Llama-2-13b": 0.0,
  "pythia-12b": 0.0007796470520350666,
  "huggyllama-65b": 0.005147549211026705,
  "Llama-2-70b": 0.009421517990255084,
  "Llama-3-70b": 0.04033901898661986,
  "Llama-3.1-70b": 0.039625125300419076,
  "deepseek-1-67b": 0.0007796470520350666,
  "Qwen-2.5-72b": 0.0008883413914754116,
  "gemma-2-27b": 0.0007930661062869612,
  "phi-4": 0.0
}