{
  "book": "Kitchen Table Wisdom",
  "Llama-2-7b": 0.0030761867467258407,
  "Llama-3-8b": 0.0033568289605360483,
  "Llama-3.1-8b": 0.0034851847017360656,
  "huggyllama-13b": 0.004113910281512422,
  "Llama-2-13b": 0.003248052908671627,
  "pythia-12b": 0.0023321585519731976,
  "huggyllama-65b": 0.01393203672279511,
  "Llama-2-70b": 0.01695383544358874,
  "Llama-3-70b": 0.02201192185528434,
  "Llama-3.1-70b": 0.029502240786668407,
  "deepseek-1-67b": 0.002371317930644389,
  "Qwen-2.5-72b": 0.00510159683244137,
  "gemma-2-27b": 0.003896358177783579,
  "phi-4": 0.0
}