{
  "book": "Lean In",
  "Llama-2-7b": 0.006958487990101967,
  "Llama-3-8b": 0.019894193438286616,
  "Llama-3.1-8b": 0.017123170783736506,
  "huggyllama-13b": 0.010463330346857801,
  "Llama-2-13b": 0.014772387900507701,
  "pythia-12b": 0.003782157941891719,
  "huggyllama-65b": 0.04608771705277529,
  "Llama-2-70b": 0.05161909637783182,
  "Llama-3-70b": 0.087595460557191,
  "Llama-3.1-70b": 0.10730193267630872,
  "deepseek-1-67b": 0.024862408805836428,
  "Qwen-2.5-72b": 0.031020947992661804,
  "gemma-2-27b": 0.014919578480310593,
  "phi-4": 0.009375399974401639
}