{
  "book": "Life on Air",
  "Llama-2-7b": 0.0012982027478840982,
  "Llama-3-8b": 0.0008533640440636729,
  "Llama-3.1-8b": 0.0011043153244988107,
  "huggyllama-13b": 0.0013020934654102243,
  "Llama-2-13b": 0.0014927386241904066,
  "pythia-12b": 0.001110151400788,
  "huggyllama-65b": 0.0022974686991775023,
  "Llama-2-70b": 0.002337672780280806,
  "Llama-3-70b": 0.0022896872641252498,
  "Llama-3.1-70b": 0.002545177715007535,
  "deepseek-1-67b": 0.001689868312180799,
  "Qwen-2.5-72b": 0.0014856056420591752,
  "gemma-2-27b": 0.0011535977464964089,
  "phi-4": 0.001227521379492806
}