{
  "book": "Live and Learn",
  "Llama-2-7b": 0.0003512529659996954,
  "Llama-3-8b": 0.0,
  "Llama-3.1-8b": 0.0,
  "huggyllama-13b": 0.0003512529659996954,
  "Llama-2-13b": 0.0005477581218037208,
  "pythia-12b": 0.0013214971727820708,
  "huggyllama-65b": 0.0005477581218037208,
  "Llama-2-70b": 0.00036844716713254765,
  "Llama-3-70b": 0.0009383121189642214,
  "Llama-3.1-70b": 0.0009383121189642214,
  "deepseek-1-67b": 0.0016506433087538133,
  "Qwen-2.5-72b": 0.0016653811954391153,
  "gemma-2-27b": 0.000795845881006303,
  "phi-4": 0.0
}