{
  "book": "London in Chains",
  "Llama-2-7b": 0.001594090934785476,
  "Llama-3-8b": 0.0012398485048331481,
  "Llama-3.1-8b": 0.0012586911872774207,
  "huggyllama-13b": 0.0015978594712743306,
  "Llama-2-13b": 0.0016167021537186034,
  "pythia-12b": 0.0021970567730022045,
  "huggyllama-65b": 0.0015978594712743306,
  "Llama-2-70b": 0.0015978594712743306,
  "Llama-3-70b": 0.0012398485048331481,
  "Llama-3.1-70b": 0.0012586911872774207,
  "deepseek-1-67b": 0.0021763298223135045,
  "Qwen-2.5-72b": 0.001959638974204368,
  "gemma-2-27b": 0.001273765333232839,
  "phi-4": 0.001211584481166739
}