{
  "book": "Lord of the Flies",
  "Llama-2-7b": 0.008838008391978062,
  "Llama-3-8b": 0.014301289948033927,
  "Llama-3.1-8b": 0.014284770306179763,
  "huggyllama-13b": 0.013666463711066744,
  "Llama-2-13b": 0.012861721157885296,
  "pythia-12b": 0.00798370691323412,
  "huggyllama-65b": 0.048461549353610016,
  "Llama-2-70b": 0.07313245448838669,
  "Llama-3-70b": 0.29104069023783563,
  "Llama-3.1-70b": 0.3627146963453832,
  "deepseek-1-67b": 0.021215940038419968,
  "Qwen-2.5-72b": 0.08143711444335887,
  "gemma-2-27b": 0.10053854032444577,
  "phi-4": 0.014204532045745248
}