{
  "book": "Lullaby Town",
  "Llama-2-7b": 0.002620695923530214,
  "Llama-3-8b": 0.0030903003953766683,
  "Llama-3.1-8b": 0.0030253781181628727,
  "huggyllama-13b": 0.002425929091888827,
  "Llama-2-13b": 0.002659649289858491,
  "pythia-12b": 0.0037135542566291055,
  "huggyllama-65b": 0.0033348409728819646,
  "Llama-2-70b": 0.0033954350982815075,
  "Llama-3-70b": 0.0038174299001711783,
  "Llama-3.1-70b": 0.0038174299001711783,
  "deepseek-1-67b": 0.003490654438195074,
  "Qwen-2.5-72b": 0.0031465663689619577,
  "gemma-2-27b": 0.002884713184199649,
  "phi-4": 0.0019303557091568545
}