{
  "book": "M. Butterfly",
  "Llama-2-7b": 0.0091442250149611,
  "Llama-3-8b": 0.01628565729104329,
  "Llama-3.1-8b": 0.01628565729104329,
  "huggyllama-13b": 0.01092359864352683,
  "Llama-2-13b": 0.011322561340514662,
  "pythia-12b": 0.015990424895272293,
  "huggyllama-65b": 0.014625972471573908,
  "Llama-2-70b": 0.01808098942748853,
  "Llama-3-70b": 0.024608019150209454,
  "Llama-3.1-70b": 0.0290524635946539,
  "deepseek-1-67b": 0.017163375224416518,
  "Qwen-2.5-72b": 0.014697785757031718,
  "gemma-2-27b": 0.012032714941153003,
  "phi-4": 0.006638739277877518
}