{
  "book": "Mark Rothko",
  "Llama-2-7b": 0.0010270644855227815,
  "Llama-3-8b": 0.0017944992869728896,
  "Llama-3.1-8b": 0.0017257737823654174,
  "huggyllama-13b": 0.0036023618665083435,
  "Llama-2-13b": 0.002019766218741827,
  "pythia-12b": 0.001868951916964318,
  "huggyllama-65b": 0.00779652668935881,
  "Llama-2-70b": 0.008088610083940568,
  "Llama-3-70b": 0.013214387302581215,
  "Llama-3.1-70b": 0.01298148420363367,
  "deepseek-1-67b": 0.004688606647665338,
  "Qwen-2.5-72b": 0.004575973181780869,
  "gemma-2-27b": 0.0011969692052468104,
  "phi-4": 0.003161373211943729
}