{
  "book": "Marvel's Spider-Man: Hostile Takeover",
  "Llama-2-7b": 0.003154272795839942,
  "Llama-3-8b": 0.0032478064371045967,
  "Llama-3.1-8b": 0.004139361145329388,
  "huggyllama-13b": 0.0032199453524725716,
  "Llama-2-13b": 0.004085629053539055,
  "pythia-12b": 0.004187123004698573,
  "huggyllama-65b": 0.0056796811099856116,
  "Llama-2-70b": 0.006726461861160255,
  "Llama-3-70b": 0.006447851014840008,
  "Llama-3.1-70b": 0.008539422439715578,
  "deepseek-1-67b": 0.004784146246813389,
  "Qwen-2.5-72b": 0.0043642398998593014,
  "gemma-2-27b": 0.004684642373127586,
  "phi-4": 0.002268688320036299
}