{
  "book": "Men We Reaped",
  "Llama-2-7b": 0.0,
  "Llama-3-8b": 0.0006269655119011043,
  "Llama-3.1-8b": 0.0016211179969076363,
  "huggyllama-13b": 0.0,
  "Llama-2-13b": 0.0,
  "pythia-12b": 0.0017385179134787594,
  "huggyllama-65b": 0.002767640586400094,
  "Llama-2-70b": 0.0033071806285141915,
  "Llama-3-70b": 0.008540219462907872,
  "Llama-3.1-70b": 0.011250409026305076,
  "deepseek-1-67b": 0.001228952318148778,
  "Qwen-2.5-72b": 0.0015237010448592575,
  "gemma-2-27b": 0.0004471188311964051,
  "phi-4": 0.0
}