{
  "book": "Middle India",
  "Llama-2-7b": 0.003846653978461575,
  "Llama-3-8b": 0.0046930597094322225,
  "Llama-3.1-8b": 0.0046930597094322225,
  "huggyllama-13b": 0.003099547243861785,
  "Llama-2-13b": 0.003255588523873134,
  "pythia-12b": 0.004929485891267599,
  "huggyllama-65b": 0.003922310356648895,
  "Llama-2-70b": 0.003917581833012188,
  "Llama-3-70b": 0.004981499651271382,
  "Llama-3.1-70b": 0.0049980494839998585,
  "deepseek-1-67b": 0.00502405636400175,
  "Qwen-2.5-72b": 0.005000413745818212,
  "gemma-2-27b": 0.004508647287600629,
  "phi-4": 0.0021396569456101568
}