{
  "book": "Migrations to Solitude",
  "Llama-2-7b": 0.0014965305895615999,
  "Llama-3-8b": 0.004144238555709046,
  "Llama-3.1-8b": 0.00421172136743994,
  "huggyllama-13b": 0.003989425046444053,
  "Llama-2-13b": 0.003910033503231236,
  "pythia-12b": 0.0016473745216659522,
  "huggyllama-65b": 0.009804855586782896,
  "Llama-2-70b": 0.007593801108305943,
  "Llama-3-70b": 0.012321567506629194,
  "Llama-3.1-70b": 0.014822401117832928,
  "deepseek-1-67b": 0.00589085250639102,
  "Qwen-2.5-72b": 0.00819320725956271,
  "gemma-2-27b": 0.005791613077374998,
  "phi-4": 0.002342050524778101
}