{
  "book": "Murder on the Orient Express",
  "Llama-2-7b": 0.0060565946006103455,
  "Llama-3-8b": 0.00778453986867616,
  "Llama-3.1-8b": 0.008671942269055722,
  "huggyllama-13b": 0.005292198473550723,
  "Llama-2-13b": 0.008604581690809089,
  "pythia-12b": 0.018805316213984055,
  "huggyllama-65b": 0.01208097327249404,
  "Llama-2-70b": 0.014804683610292696,
  "Llama-3-70b": 0.025579447408960714,
  "Llama-3.1-70b": 0.02475061942444779,
  "deepseek-1-67b": 0.02339755041792846,
  "Qwen-2.5-72b": 0.017917913813604493,
  "gemma-2-27b": 0.00950662769515531,
  "phi-4": 0.007822613238989475
}