{
  "book": "My Einstein",
  "Llama-2-7b": 0.0010565659304815434,
  "Llama-3-8b": 0.0034766903136184443,
  "Llama-3.1-8b": 0.004822340869146995,
  "huggyllama-13b": 0.002361284149720253,
  "Llama-2-13b": 0.002361284149720253,
  "pythia-12b": 0.0,
  "huggyllama-65b": 0.007557132587512056,
  "Llama-2-70b": 0.007344796093008501,
  "Llama-3-70b": 0.009739337765964251,
  "Llama-3.1-70b": 0.010071912998319216,
  "deepseek-1-67b": 0.0035457636311075525,
  "Qwen-2.5-72b": 0.006961055440291234,
  "gemma-2-27b": 0.0060989181071864395,
  "phi-4": 0.0
}