{
  "book": "Night Watch",
  "Llama-2-7b": 0.0013899162752128457,
  "Llama-3-8b": 0.0029981357846116637,
  "Llama-3.1-8b": 0.0029981357846116637,
  "huggyllama-13b": 0.0013066783513865396,
  "Llama-2-13b": 0.0022725523731446187,
  "pythia-12b": 0.0028536473130641136,
  "huggyllama-65b": 0.0037080139274322356,
  "Llama-2-70b": 0.005545530359069557,
  "Llama-3-70b": 0.015537222271955572,
  "Llama-3.1-70b": 0.01897196452493918,
  "deepseek-1-67b": 0.0035242622842685035,
  "Qwen-2.5-72b": 0.003737853937860534,
  "gemma-2-27b": 0.0028976220652742377,
  "phi-4": 0.0026589019818478504
}