{
  "book": "Nineteen Eighty-Four",
  "Llama-2-7b": 0.07235845490745325,
  "Llama-3-8b": 0.1327006302613343,
  "Llama-3.1-8b": 0.16205275911476266,
  "huggyllama-13b": 0.16773712447295092,
  "Llama-2-13b": 0.22500417537146156,
  "pythia-12b": 0.018784776449146907,
  "huggyllama-65b": 0.6726582026271144,
  "Llama-2-70b": 0.7121074052044174,
  "Llama-3-70b": 0.79966714231717,
  "Llama-3.1-70b": 0.8118621570701492,
  "deepseek-1-67b": 0.124975460536147,
  "Qwen-2.5-72b": 0.30591408404070475,
  "gemma-2-27b": 0.1916451549575577,
  "phi-4": 0.05094099687359905
}