{
  "book": "Nixon in China",
  "Llama-2-7b": 0.0014879445331671406,
  "Llama-3-8b": 0.0017706206075309803,
  "Llama-3.1-8b": 0.0025073590375658695,
  "huggyllama-13b": 0.0016148148972516985,
  "Llama-2-13b": 0.001679362977224544,
  "pythia-12b": 0.0011518493581361186,
  "huggyllama-65b": 0.007664528047810095,
  "Llama-2-70b": 0.008163106320703797,
  "Llama-3-70b": 0.011704347535765757,
  "Llama-3.1-70b": 0.012757148978081475,
  "deepseek-1-67b": 0.0024550528348292536,
  "Qwen-2.5-72b": 0.008371218233719694,
  "gemma-2-27b": 0.001758378730294751,
  "phi-4": 0.0005597876590748479
}