{
  "book": "No Visible Bruises",
  "Llama-2-7b": 0.004006335987162018,
  "Llama-3-8b": 0.004915231962150085,
  "Llama-3.1-8b": 0.0049996195640896164,
  "huggyllama-13b": 0.004370171057819341,
  "Llama-2-13b": 0.004678669996057301,
  "pythia-12b": 0.006549031271831833,
  "huggyllama-65b": 0.004034004053371699,
  "Llama-2-70b": 0.005626301263738924,
  "Llama-3-70b": 0.005552980888283265,
  "Llama-3.1-70b": 0.005580648954492948,
  "deepseek-1-67b": 0.0065739325314205475,
  "Qwen-2.5-72b": 0.005930649992045431,
  "gemma-2-27b": 0.004868196249593625,
  "phi-4": 0.004872346459525077
}