{
  "book": "Noodles Every Day",
  "Llama-2-7b": 0.0007284012101623827,
  "Llama-3-8b": 0.001934498097687072,
  "Llama-3.1-8b": 0.002608692706162952,
  "huggyllama-13b": 0.0005590055798920611,
  "Llama-2-13b": 0.000660642958054254,
  "pythia-12b": 0.0032117411499252967,
  "huggyllama-65b": 0.000660642958054254,
  "Llama-2-70b": 0.0020801783397195487,
  "Llama-3-70b": 0.0032591719264009867,
  "Llama-3.1-70b": 0.0032964389650604574,
  "deepseek-1-67b": 0.0034048521684334632,
  "Qwen-2.5-72b": 0.002317332222097999,
  "gemma-2-27b": 0.0007961594622705113,
  "phi-4": 0.0009011847530381107
}