{
  "book": "Norwegian Wood",
  "Llama-2-7b": 0.002622267499280665,
  "Llama-3-8b": 0.0019239293574200371,
  "Llama-3.1-8b": 0.002035912311125973,
  "huggyllama-13b": 0.0022256612049054757,
  "Llama-2-13b": 0.003143299297773561,
  "pythia-12b": 0.0032723907582956815,
  "huggyllama-65b": 0.007373766437775583,
  "Llama-2-70b": 0.007243119658451991,
  "Llama-3-70b": 0.0217713525829957,
  "Llama-3.1-70b": 0.025213273090651755,
  "deepseek-1-67b": 0.0033003864967221658,
  "Qwen-2.5-72b": 0.002715586627368945,
  "gemma-2-27b": 0.002603603673663009,
  "phi-4": 0.0011431593190814287
}