{
  "book": "Notes of a Native Son",
  "Llama-2-7b": 0.002726947703708519,
  "Llama-3-8b": 0.009259921344297461,
  "Llama-3.1-8b": 0.008291351122956415,
  "huggyllama-13b": 0.008128839340852212,
  "Llama-2-13b": 0.00834335489322976,
  "pythia-12b": 0.0015601131082003444,
  "huggyllama-65b": 0.03155003737770989,
  "Llama-2-70b": 0.03726720187213573,
  "Llama-3-70b": 0.15587155068742484,
  "Llama-3.1-70b": 0.1679656775116196,
  "deepseek-1-67b": 0.0043000617544771995,
  "Qwen-2.5-72b": 0.01062177007833068,
  "gemma-2-27b": 0.0029577144342964865,
  "phi-4": 0.003230734228231547
}