{
  "book": "On Liberty",
  "Llama-2-7b": 0.04708553600831961,
  "Llama-3-8b": 0.21647283126787417,
  "Llama-3.1-8b": 0.2312540081462865,
  "huggyllama-13b": 0.11099748678395008,
  "Llama-2-13b": 0.13093335644336598,
  "pythia-12b": 0.024248201750584973,
  "huggyllama-65b": 0.7311690787763238,
  "Llama-2-70b": 0.4966114914637317,
  "Llama-3-70b": 0.9002825201490597,
  "Llama-3.1-70b": 0.9082520149059711,
  "deepseek-1-67b": 0.0944691914377329,
  "Qwen-2.5-72b": 0.805269087442586,
  "gemma-2-27b": 0.17302019239102176,
  "phi-4": 0.07928936649623018
}