{
  "book": "On the Road with Bob Dylan",
  "Llama-2-7b": 0.0,
  "Llama-3-8b": 0.0,
  "Llama-3.1-8b": 0.0,
  "huggyllama-13b": 0.0,
  "Llama-2-13b": 0.0,
  "pythia-12b": 0.0007033703536116052,
  "huggyllama-65b": 0.0,
  "Llama-2-70b": 0.0,
  "Llama-3-70b": 0.0,
  "Llama-3.1-70b": 0.0005488080784549149,
  "deepseek-1-67b": 0.0006697698590123247,
  "Qwen-2.5-72b": 0.0005208076662888477,
  "gemma-2-27b": 0.0,
  "phi-4": 0.0
}