{
  "book": "Pagans",
  "Llama-2-7b": 0.003370192020653492,
  "Llama-3-8b": 0.003991937891293294,
  "Llama-3.1-8b": 0.0044983931369137935,
  "huggyllama-13b": 0.0033084291858217238,
  "Llama-2-13b": 0.003771650447059986,
  "pythia-12b": 0.004827794922683225,
  "huggyllama-65b": 0.004753679520885103,
  "Llama-2-70b": 0.004881322712870757,
  "Llama-3-70b": 0.004640447657026861,
  "Llama-3.1-70b": 0.00466103526863745,
  "deepseek-1-67b": 0.004722798103469219,
  "Qwen-2.5-72b": 0.004971908203957351,
  "gemma-2-27b": 0.004683681641409099,
  "phi-4": 0.0031540220987423028
}