{
  "book": "Paradise Valley",
  "Llama-2-7b": 0.0022328733641820597,
  "Llama-3-8b": 0.0035046583786605247,
  "Llama-3.1-8b": 0.0035460846006305073,
  "huggyllama-13b": 0.0010895096378105414,
  "Llama-2-13b": 0.0021375930536511,
  "pythia-12b": 0.004192333663362235,
  "huggyllama-65b": 0.0022328733641820597,
  "Llama-2-70b": 0.002183161897818081,
  "Llama-3-70b": 0.003655864088850961,
  "Llama-3.1-70b": 0.0036972903108209434,
  "deepseek-1-67b": 0.0037635722659729158,
  "Qwen-2.5-72b": 0.004090839419535777,
  "gemma-2-27b": 0.002359223341190507,
  "phi-4": 0.002050597987514137
}