{
  "book": "Payard Cookies",
  "Llama-2-7b": 0.0,
  "Llama-3-8b": 0.0,
  "Llama-3.1-8b": 0.0,
  "huggyllama-13b": 0.0,
  "Llama-2-13b": 0.0,
  "pythia-12b": 0.0015176380741920284,
  "huggyllama-65b": 0.0012446582064572739,
  "Llama-2-70b": 0.0010431730659863836,
  "Llama-3-70b": 0.0015241375948523797,
  "Llama-3.1-70b": 0.0015468859171636092,
  "deepseek-1-67b": 0.0014038964626358805,
  "Qwen-2.5-72b": 0.0014948897518807988,
  "gemma-2-27b": 0.0014298945452772857,
  "phi-4": 0.0
}