{
  "book": "Pearl Harbor",
  "Llama-2-7b": 0.008709599209235532,
  "Llama-3-8b": 0.010201607639083161,
  "Llama-3.1-8b": 0.01096626195938007,
  "huggyllama-13b": 0.00908260131669744,
  "Llama-2-13b": 0.008523098155504578,
  "pythia-12b": 0.013111024077286036,
  "huggyllama-65b": 0.00908260131669744,
  "Llama-2-70b": 0.010984912064753166,
  "Llama-3-70b": 0.01169361606893079,
  "Llama-3.1-70b": 0.011880117122661743,
  "deepseek-1-67b": 0.012197168914004365,
  "Qwen-2.5-72b": 0.012626121337585557,
  "gemma-2-27b": 0.010444059008933401,
  "phi-4": 0.0
}