{
  "book": "Polaris",
  "Llama-2-7b": 0.0027058974322457523,
  "Llama-3-8b": 0.003084723072760158,
  "Llama-3.1-8b": 0.0014127632909409402,
  "huggyllama-13b": 0.0034179757038893714,
  "Llama-2-13b": 0.0034464588347551165,
  "pythia-12b": 0.004383553840238119,
  "huggyllama-65b": 0.003474941965620861,
  "Llama-2-70b": 0.003850919293048692,
  "Llama-3-70b": 0.005078542233362291,
  "Llama-3.1-70b": 0.005408946551404931,
  "deepseek-1-67b": 0.004355070709372374,
  "Qwen-2.5-72b": 0.00440918865801729,
  "gemma-2-27b": 0.003822436162182947,
  "phi-4": 0.0016349317116937493
}