{
  "book": "Portugal's Guerrilla Wars in Africa",
  "Llama-2-7b": 0.00045370793677181607,
  "Llama-3-8b": 0.00047708601748334094,
  "Llama-3.1-8b": 0.0005030616627183686,
  "huggyllama-13b": 0.0004277322915367884,
  "Llama-2-13b": 0.0,
  "pythia-12b": 0.0004961348239890279,
  "huggyllama-65b": 0.001113489325741518,
  "Llama-2-70b": 0.0016165509884598867,
  "Llama-3-70b": 0.001357660390950778,
  "Llama-3.1-70b": 0.0019698197636562626,
  "deepseek-1-67b": 0.0005792568887411163,
  "Qwen-2.5-72b": 0.0004866104207361844,
  "gemma-2-27b": 0.0004095493398722691,
  "phi-4": 0.0
}