{
  "book": "Pride and Prejudice",
  "Llama-2-7b": 0.0314341727292407,
  "Llama-3-8b": 0.3049420011723814,
  "Llama-3.1-8b": 0.5686925514862732,
  "huggyllama-13b": 0.11381099362973665,
  "Llama-2-13b": 0.22104862464092778,
  "pythia-12b": 0.009397293793432232,
  "huggyllama-65b": 0.7255982915338008,
  "Llama-2-70b": 0.7395938987519732,
  "Llama-3-70b": 0.8374038318873152,
  "Llama-3.1-70b": 0.842007009965242,
  "deepseek-1-67b": 0.3341822153144147,
  "Qwen-2.5-72b": 0.2731977068024878,
  "gemma-2-27b": 0.10125653991812789,
  "phi-4": 0.05585351556324171
}