{
  "book": "Requiem for the Sun",
  "Llama-2-7b": 0.0007811590743659494,
  "Llama-3-8b": 0.0009596815395935211,
  "Llama-3.1-8b": 0.0009596815395935211,
  "huggyllama-13b": 0.0011776564833244237,
  "Llama-2-13b": 0.0010711347913654305,
  "pythia-12b": 0.0014153576663069915,
  "huggyllama-65b": 0.0015001804950891527,
  "Llama-2-70b": 0.0021550916382444434,
  "Llama-3-70b": 0.0013542063246268288,
  "Llama-3.1-70b": 0.0013542063246268288,
  "deepseek-1-67b": 0.001998268036193704,
  "Qwen-2.5-72b": 0.0016362915459256439,
  "gemma-2-27b": 0.0009498184199676884,
  "phi-4": 0.0009567226037057713
}