{
  "book": "Rome and Jerusalem",
  "Llama-2-7b": 0.001150051070889454,
  "Llama-3-8b": 0.0034084343104595544,
  "Llama-3.1-8b": 0.004058553869880134,
  "huggyllama-13b": 0.0016367715966588722,
  "Llama-2-13b": 0.001186902767840567,
  "pythia-12b": 0.001003339598121815,
  "huggyllama-65b": 0.00787374747687556,
  "Llama-2-70b": 0.005865677650558303,
  "Llama-3-70b": 0.02302535744407755,
  "Llama-3.1-70b": 0.030582736579202987,
  "deepseek-1-67b": 0.0020623043991887064,
  "Qwen-2.5-72b": 0.00569184889135494,
  "gemma-2-27b": 0.0012619967918164202,
  "phi-4": 0.00097413636657565
}