{
  "book": "Rough-Hewn Land",
  "Llama-2-7b": 0.0021967818278583644,
  "Llama-3-8b": 0.0027791393079975475,
  "Llama-3.1-8b": 0.003238554653440681,
  "huggyllama-13b": 0.0034537033891587684,
  "Llama-2-13b": 0.003125318476746951,
  "pythia-12b": 0.002764580370994068,
  "huggyllama-65b": 0.007077261043358132,
  "Llama-2-70b": 0.005872104591403433,
  "Llama-3-70b": 0.010482434642505301,
  "Llama-3.1-70b": 0.01282804115973257,
  "deepseek-1-67b": 0.005433718821631992,
  "Qwen-2.5-72b": 0.006994760400338414,
  "gemma-2-27b": 0.0042948864160264775,
  "phi-4": 0.0020851633108316873
}