{
  "book": "Sally Ride: America's First Woman in Space",
  "Llama-2-7b": 0.0008345585273503585,
  "Llama-3-8b": 0.0010246314347861114,
  "Llama-3.1-8b": 0.000999456215258197,
  "huggyllama-13b": 0.0013003000886167727,
  "Llama-2-13b": 0.0012801599129944412,
  "pythia-12b": 0.001567157415612664,
  "huggyllama-65b": 0.001766041649883187,
  "Llama-2-70b": 0.001316663981309917,
  "Llama-3-70b": 0.0016326129863852414,
  "Llama-3.1-70b": 0.0021600338354950455,
  "deepseek-1-67b": 0.0018377910255377428,
  "Qwen-2.5-72b": 0.0021310823330379443,
  "gemma-2-27b": 0.0009491057762023684,
  "phi-4": 0.0006318980101506485
}