{
  "book": "Sandman Slim",
  "Llama-2-7b": 0.001860276335593851,
  "Llama-3-8b": 0.002884367853673294,
  "Llama-3.1-8b": 0.0029332235958202035,
  "huggyllama-13b": 0.0022962198809047332,
  "Llama-2-13b": 0.0027284052922043147,
  "pythia-12b": 0.003615324918871282,
  "huggyllama-65b": 0.0032094464456508057,
  "Llama-2-70b": 0.003185018574577351,
  "Llama-3-70b": 0.00376377121231766,
  "Llama-3.1-70b": 0.004304942509944962,
  "deepseek-1-67b": 0.0036623015940125407,
  "Qwen-2.5-72b": 0.003799473485425017,
  "gemma-2-27b": 0.0034067484812440926,
  "phi-4": 0.0024559405763850133
}