{
  "book": "Selected Poems of Langston Hughes",
  "Llama-2-7b": 0.012701908957415565,
  "Llama-3-8b": 0.04237232827541198,
  "Llama-3.1-8b": 0.036465981399902106,
  "huggyllama-13b": 0.0136074400391581,
  "Llama-2-13b": 0.01612824278022516,
  "pythia-12b": 0.016348507097405776,
  "huggyllama-65b": 0.06657692935225974,
  "Llama-2-70b": 0.08365149290259423,
  "Llama-3-70b": 0.1776064610866373,
  "Llama-3.1-70b": 0.21377059879262522,
  "deepseek-1-67b": 0.05326317506934247,
  "Qwen-2.5-72b": 0.11309348996573666,
  "gemma-2-27b": 0.06355849241311796,
  "phi-4": 0.060230053842388644
}