{
  "book": "Simple Cakes",
  "Llama-2-7b": 0.006015345815547218,
  "Llama-3-8b": 0.00634507588247351,
  "Llama-3.1-8b": 0.006567866468234518,
  "huggyllama-13b": 0.0062024899075864654,
  "Llama-2-13b": 0.006380722376195271,
  "pythia-12b": 0.006514396727651877,
  "huggyllama-65b": 0.006291606141890868,
  "Llama-2-70b": 0.008581893363514032,
  "Llama-3-70b": 0.010390952919893417,
  "Llama-3.1-70b": 0.014472476451035086,
  "deepseek-1-67b": 0.009285911614518817,
  "Qwen-2.5-72b": 0.006701540819691123,
  "gemma-2-27b": 0.006567866468234518,
  "phi-4": 0.006452015363638794
}