{
  "book": "Slaughterhouse-Five",
  "Llama-2-7b": 0.009298032409469808,
  "Llama-3-8b": 0.0247187247190811,
  "Llama-3.1-8b": 0.02372441615555405,
  "huggyllama-13b": 0.020941064943673666,
  "Llama-2-13b": 0.02120835219193363,
  "pythia-12b": 0.0015395745499773698,
  "huggyllama-65b": 0.08043207874638716,
  "Llama-2-70b": 0.08994037712448814,
  "Llama-3-70b": 0.1983734679985887,
  "Llama-3.1-70b": 0.2959867710631261,
  "deepseek-1-67b": 0.01572005402766245,
  "Qwen-2.5-72b": 0.036176438094491385,
  "gemma-2-27b": 0.02240223523416145,
  "phi-4": 0.017883298823579724
}