{
  "book": "Soft in the Head",
  "Llama-2-7b": 0.0,
  "Llama-3-8b": 0.0025256446932853814,
  "Llama-3.1-8b": 0.0023989537782500305,
  "huggyllama-13b": 0.0020965303036495158,
  "Llama-2-13b": 0.002713637663982999,
  "pythia-12b": 0.004254362662961298,
  "huggyllama-65b": 0.002713637663982999,
  "Llama-2-70b": 0.003927418366095876,
  "Llama-3-70b": 0.004172626588744942,
  "Llama-3.1-70b": 0.004172626588744942,
  "deepseek-1-67b": 0.008909232089582737,
  "Qwen-2.5-72b": 0.0016265478769054722,
  "gemma-2-27b": 0.0,
  "phi-4": 0.0
}