{
  "book": "Songs in Ordinary Time",
  "Llama-2-7b": 0.0013111677028524588,
  "Llama-3-8b": 0.0009835389388743929,
  "Llama-3.1-8b": 0.0013281365232975378,
  "huggyllama-13b": 0.0013124729967328493,
  "Llama-2-13b": 0.0013203047600151936,
  "pythia-12b": 0.0014841191420042266,
  "huggyllama-65b": 0.0013046412334505053,
  "Llama-2-70b": 0.0013255259355367565,
  "Llama-3-70b": 0.0016094273545217339,
  "Llama-3.1-70b": 0.0017021032200294735,
  "deepseek-1-67b": 0.0015350256033394639,
  "Qwen-2.5-72b": 0.0014240756235062543,
  "gemma-2-27b": 0.0014031909214200031,
  "phi-4": 0.0009841915858145882
}