{
  "book": "Sunburn",
  "Llama-2-7b": 0.0026898190696335905,
  "Llama-3-8b": 0.0030216949341354054,
  "Llama-3.1-8b": 0.0030216949341354054,
  "huggyllama-13b": 0.002713027172046305,
  "Llama-2-13b": 0.002736235274459019,
  "pythia-12b": 0.0033814205215324774,
  "huggyllama-65b": 0.0028685214582114906,
  "Llama-2-70b": 0.0045464672626507364,
  "Llama-3-70b": 0.0043770481150379225,
  "Llama-3.1-70b": 0.004314386238523593,
  "deepseek-1-67b": 0.003840940949304221,
  "Qwen-2.5-72b": 0.0033373251269483203,
  "gemma-2-27b": 0.00330483378357052,
  "phi-4": 0.0028662006479702193
}