{
  "book": "Sweater Surgery",
  "Llama-2-7b": 0.0,
  "Llama-3-8b": 0.004523200217916461,
  "Llama-3.1-8b": 0.004523200217916461,
  "huggyllama-13b": 0.0,
  "Llama-2-13b": 0.0,
  "pythia-12b": 0.00817903557629585,
  "huggyllama-65b": 0.0,
  "Llama-2-70b": 0.0,
  "Llama-3-70b": 0.007906640000573464,
  "Llama-3.1-70b": 0.007906640000573464,
  "deepseek-1-67b": 0.007791947126585091,
  "Qwen-2.5-72b": 0.00811452083467739,
  "gemma-2-27b": 0.00787796678207637,
  "phi-4": 0.0
}