{
  "book": "Tai Chi for Depression",
  "Llama-2-7b": 0.006539476051912028,
  "Llama-3-8b": 0.006548253872115937,
  "Llama-3.1-8b": 0.006548253872115937,
  "huggyllama-13b": 0.006824755208539064,
  "Llama-2-13b": 0.006583365152931573,
  "pythia-12b": 0.006710643545888249,
  "huggyllama-65b": 0.008246762081572283,
  "Llama-2-70b": 0.006583365152931573,
  "Llama-3-70b": 0.01199928021874328,
  "Llama-3.1-70b": 0.014439514235429916,
  "deepseek-1-67b": 0.007052978533840691,
  "Qwen-2.5-72b": 0.006653587714562843,
  "gemma-2-27b": 0.006807199568131246,
  "phi-4": 0.00657019842262571
}