{
  "book": "The Fugitive",
  "Llama-2-7b": 0.003752365740791388,
  "Llama-3-8b": 0.004164433115630481,
  "Llama-3.1-8b": 0.004164433115630481,
  "huggyllama-13b": 0.0036429673226925138,
  "Llama-2-13b": 0.0037633055826012756,
  "pythia-12b": 0.004565560648659687,
  "huggyllama-65b": 0.0037633055826012756,
  "Llama-2-70b": 0.0037888318801576797,
  "Llama-3-70b": 0.004200899254996773,
  "Llama-3.1-70b": 0.004200899254996773,
  "deepseek-1-67b": 0.004853643149653389,
  "Qwen-2.5-72b": 0.005167251948203496,
  "gemma-2-27b": 0.005039620460421476,
  "phi-4": 0.0018269535822512007
}