{
  "book": "The Making of a Mediterranean Emirate",
  "Llama-2-7b": 0.00409635016035,
  "Llama-3-8b": 0.004158087413275845,
  "Llama-3.1-8b": 0.004520168058813911,
  "huggyllama-13b": 0.004062978672281976,
  "Llama-2-13b": 0.004495139442762892,
  "pythia-12b": 0.004795482835375112,
  "huggyllama-65b": 0.005791621754205642,
  "Llama-2-70b": 0.006766069205791955,
  "Llama-3-70b": 0.006400651411447088,
  "Llama-3.1-70b": 0.006313885542470224,
  "deepseek-1-67b": 0.006657611869570876,
  "Qwen-2.5-72b": 0.005901747664830122,
  "gemma-2-27b": 0.004461767954694868,
  "phi-4": 0.003035136839786823
}