{
  "book": "The Slippery Year",
  "Llama-2-7b": 0.0,
  "Llama-3-8b": 0.0,
  "Llama-3.1-8b": 0.0,
  "huggyllama-13b": 0.0009940128826702742,
  "Llama-2-13b": 0.0009940128826702742,
  "pythia-12b": 0.0010071786162155758,
  "huggyllama-65b": 0.0018135797958653015,
  "Llama-2-70b": 0.001882699896978135,
  "Llama-3-70b": 0.0011421273850549176,
  "Llama-3.1-70b": 0.0011256702181232905,
  "deepseek-1-67b": 0.002185511768520073,
  "Qwen-2.5-72b": 0.00136265342193872,
  "gemma-2-27b": 0.0015963451923678242,
  "phi-4": 0.0
}