{
  "book": "The Stone Sky",
  "Llama-2-7b": 0.0020937263902357514,
  "Llama-3-8b": 0.003079177419746439,
  "Llama-3.1-8b": 0.0029677786077147964,
  "huggyllama-13b": 0.003827548926215425,
  "Llama-2-13b": 0.003346248930642814,
  "pythia-12b": 0.0024679121434702444,
  "huggyllama-65b": 0.0060412432678698695,
  "Llama-2-70b": 0.007927882122918591,
  "Llama-3-70b": 0.008456312385119975,
  "Llama-3.1-70b": 0.011851119772289403,
  "deepseek-1-67b": 0.00288065902394646,
  "Qwen-2.5-72b": 0.0037418575323449306,
  "gemma-2-27b": 0.0017009741683293178,
  "phi-4": 0.0008769085972747281
}