{
  "book": "The Memory Police",
  "Llama-2-7b": 0.007418919378807301,
  "Llama-3-8b": 0.007464295032500312,
  "Llama-3.1-8b": 0.007493789207400769,
  "huggyllama-13b": 0.008312819756559618,
  "Llama-2-13b": 0.007486982859346817,
  "pythia-12b": 0.00878018898959763,
  "huggyllama-65b": 0.008290131929713113,
  "Llama-2-70b": 0.008335507583406123,
  "Llama-3-70b": 0.007697979649019319,
  "Llama-3.1-70b": 0.007697979649019319,
  "deepseek-1-67b": 0.00840357106394564,
  "Qwen-2.5-72b": 0.007963427223123433,
  "gemma-2-27b": 0.007593615645525393,
  "phi-4": 0.0073236305060519775
}