{
  "book": "The Parthenon",
  "Llama-2-7b": 0.0009746559643281878,
  "Llama-3-8b": 0.0017198057841509614,
  "Llama-3.1-8b": 0.001549911625231369,
  "huggyllama-13b": 0.0009746559643281878,
  "Llama-2-13b": 0.002280158448657687,
  "pythia-12b": 0.0013382890764017013,
  "huggyllama-65b": 0.0025186063910009747,
  "Llama-2-70b": 0.0027958021239750464,
  "Llama-3-70b": 0.0038807402616370047,
  "Llama-3.1-70b": 0.0039045850558713335,
  "deepseek-1-67b": 0.0021400702825310055,
  "Qwen-2.5-72b": 0.001928447733701338,
  "gemma-2-27b": 0.001767495372619619,
  "phi-4": 0.001642310202889393
}