{
  "book": "The Complete Robot",
  "Llama-2-7b": 0.0023095442118578366,
  "Llama-3-8b": 0.002828216881344559,
  "Llama-3.1-8b": 0.002810081473320548,
  "huggyllama-13b": 0.0026178461482660284,
  "Llama-2-13b": 0.0024818305880859436,
  "pythia-12b": 0.001967691770605224,
  "huggyllama-65b": 0.002726658596410096,
  "Llama-2-70b": 0.004946432538549077,
  "Llama-3-70b": 0.04810144947248632,
  "Llama-3.1-70b": 0.06747913294614237,
  "deepseek-1-67b": 0.002069250055539687,
  "Qwen-2.5-72b": 0.0033759062036696997,
  "gemma-2-27b": 0.0021100547235937124,
  "phi-4": 0.0025616263833915932
}