{
  "book": "The Cult of Loving Kindness",
  "Llama-2-7b": 0.0,
  "Llama-3-8b": 0.0,
  "Llama-3.1-8b": 0.0,
  "huggyllama-13b": 0.0,
  "Llama-2-13b": 0.0,
  "pythia-12b": 0.0008974987650344614,
  "huggyllama-65b": 0.0,
  "Llama-2-70b": 0.0,
  "Llama-3-70b": 0.0019795638083623,
  "Llama-3.1-70b": 0.002033848007860352,
  "deepseek-1-67b": 0.0010766366233780334,
  "Qwen-2.5-72b": 0.0,
  "gemma-2-27b": 0.0,
  "phi-4": 0.0
}