{
  "book": "The Doomsday Prophecy",
  "Llama-2-7b": 0.0040619693797250235,
  "Llama-3-8b": 0.004610162463067651,
  "Llama-3.1-8b": 0.004735822768704929,
  "huggyllama-13b": 0.0040619693797250235,
  "Llama-2-13b": 0.004035266564777102,
  "pythia-12b": 0.005280874344406624,
  "huggyllama-65b": 0.006130652161278719,
  "Llama-2-70b": 0.006316001112093705,
  "Llama-3-70b": 0.006476218001781235,
  "Llama-3.1-70b": 0.006586170769213854,
  "deepseek-1-67b": 0.005852628735056241,
  "Qwen-2.5-72b": 0.006001850348000509,
  "gemma-2-27b": 0.0054787893257853375,
  "phi-4": 0.003813790276091399
}