{
  "book": "The Second Summoning",
  "Llama-2-7b": 0.0004248698835981481,
  "Llama-3-8b": 0.0012475346091926013,
  "Llama-3.1-8b": 0.0012891885193492827,
  "huggyllama-13b": 0.0004248698835981481,
  "Llama-2-13b": 0.0004248698835981481,
  "pythia-12b": 0.0013933232947409857,
  "huggyllama-65b": 0.0021305975045142426,
  "Llama-2-70b": 0.002853292845732661,
  "Llama-3-70b": 0.001793200832245125,
  "Llama-3.1-70b": 0.001793200832245125,
  "deepseek-1-67b": 0.0026241963398709145,
  "Qwen-2.5-72b": 0.0013516693845843043,
  "gemma-2-27b": 0.0011829710484497456,
  "phi-4": 0.0
}