{
  "book": "The Dude Abides",
  "Llama-2-7b": 0.0059317435647479695,
  "Llama-3-8b": 0.011471103059063,
  "Llama-3.1-8b": 0.013055966843546048,
  "huggyllama-13b": 0.006839131727624145,
  "Llama-2-13b": 0.006489664664894808,
  "pythia-12b": 0.009362038680485943,
  "huggyllama-65b": 0.02033653065040725,
  "Llama-2-70b": 0.02011581461078872,
  "Llama-3-70b": 0.02929085775770897,
  "Llama-3.1-70b": 0.03261386035418793,
  "deepseek-1-67b": 0.016372838438924498,
  "Qwen-2.5-72b": 0.01626861142021575,
  "gemma-2-27b": 0.011054194984228,
  "phi-4": 0.003267823586574334
}