{
  "book": "The White Album",
  "Llama-2-7b": 0.003040452409723451,
  "Llama-3-8b": 0.0031004218852604026,
  "Llama-3.1-8b": 0.002953496670194871,
  "huggyllama-13b": 0.0031004218852604026,
  "Llama-2-13b": 0.002770589769807168,
  "pythia-12b": 0.0015861926279523723,
  "huggyllama-65b": 0.01153213014575581,
  "Llama-2-70b": 0.01609880570789468,
  "Llama-3-70b": 0.031154142541446404,
  "Llama-3.1-70b": 0.03668932513350705,
  "deepseek-1-67b": 0.004347786976428998,
  "Qwen-2.5-72b": 0.003079432568822469,
  "gemma-2-27b": 0.0031783822034584398,
  "phi-4": 0.0
}