{
  "book": "The Third Man",
  "Llama-2-7b": 0.009651206529636367,
  "Llama-3-8b": 0.014262968325698592,
  "Llama-3.1-8b": 0.010800282373794887,
  "huggyllama-13b": 0.013000530739067033,
  "Llama-2-13b": 0.011949358217953409,
  "pythia-12b": 0.014644276004926083,
  "huggyllama-65b": 0.018611936991482413,
  "Llama-2-70b": 0.020394808032194733,
  "Llama-3-70b": 0.020188695773152847,
  "Llama-3.1-70b": 0.024975652989400677,
  "deepseek-1-67b": 0.016154048302407905,
  "Qwen-2.5-72b": 0.00821872632929525,
  "gemma-2-27b": 0.00794562758606475,
  "phi-4": 0.010393210662187161
}