{
  "book": "The Fellowship of the Ring",
  "Llama-2-7b": 0.0067600614022769205,
  "Llama-3-8b": 0.026825240790869075,
  "Llama-3.1-8b": 0.02292416237706228,
  "huggyllama-13b": 0.01711418983375866,
  "Llama-2-13b": 0.014250364394427308,
  "pythia-12b": 0.0038913935120843362,
  "huggyllama-65b": 0.19195862609984166,
  "Llama-2-70b": 0.17881911993298047,
  "Llama-3-70b": 0.7107042376287487,
  "Llama-3.1-70b": 0.7975012953556054,
  "deepseek-1-67b": 0.020710193843307974,
  "Qwen-2.5-72b": 0.13783939527473646,
  "gemma-2-27b": 0.027434421109211793,
  "phi-4": 0.006144101652728479
}