{
  "book": "The Subtle Knife",
  "Llama-2-7b": 0.0006885644903241961,
  "Llama-3-8b": 0.0009518391483893298,
  "Llama-3.1-8b": 0.001001548349562467,
  "huggyllama-13b": 0.0015004814428187694,
  "Llama-2-13b": 0.0,
  "pythia-12b": 0.0,
  "huggyllama-65b": 0.003807356593557319,
  "Llama-2-70b": 0.0017766436715584203,
  "Llama-3-70b": 0.022109548032896446,
  "Llama-3.1-70b": 0.017521572872768378,
  "deepseek-1-67b": 0.0008340099307937455,
  "Qwen-2.5-72b": 0.0,
  "gemma-2-27b": 0.0007327504469225402,
  "phi-4": 0.0
}