{
  "book": "The Hobbit",
  "Llama-2-7b": 0.011126642980565747,
  "Llama-3-8b": 0.01649678684450657,
  "Llama-3.1-8b": 0.020030287145436542,
  "huggyllama-13b": 0.023666686081503484,
  "Llama-2-13b": 0.023833653678140835,
  "pythia-12b": 0.0006853437396858679,
  "huggyllama-65b": 0.19775176189644125,
  "Llama-2-70b": 0.1503213155493428,
  "Llama-3-70b": 0.6081755877841847,
  "Llama-3.1-70b": 0.6869415807560137,
  "deepseek-1-67b": 0.022503737356087523,
  "Qwen-2.5-72b": 0.10591375929485312,
  "gemma-2-27b": 0.025458675519832257,
  "phi-4": 0.01375152891839944
}