{
  "book": "The Seductions of Darwin",
  "Llama-2-7b": 0.0004498408896112671,
  "Llama-3-8b": 0.0011773613407109708,
  "Llama-3.1-8b": 0.0011773613407109708,
  "huggyllama-13b": 0.0021214718497716547,
  "Llama-2-13b": 0.0014902136466546092,
  "pythia-12b": 0.0011662541582514333,
  "huggyllama-65b": 0.0060756288053669906,
  "Llama-2-70b": 0.005829419594180577,
  "Llama-3-70b": 0.016164652872780183,
  "Llama-3.1-70b": 0.019694885697836506,
  "deepseek-1-67b": 0.008994966595148753,
  "Qwen-2.5-72b": 0.007049358467653108,
  "gemma-2-27b": 0.004839029158205154,
  "phi-4": 0.0014420825226632802
}