{
  "book": "The Da Vinci Code",
  "Llama-2-7b": 0.0030010787177577945,
  "Llama-3-8b": 0.0043554422742806955,
  "Llama-3.1-8b": 0.0037170418313381827,
  "huggyllama-13b": 0.0039747885522271225,
  "Llama-2-13b": 0.00437572789583214,
  "pythia-12b": 0.0027182732878935413,
  "huggyllama-65b": 0.014698722721805373,
  "Llama-2-70b": 0.020585132787292133,
  "Llama-3-70b": 0.06271120911850621,
  "Llama-3.1-70b": 0.10137799033927106,
  "deepseek-1-67b": 0.00629928212765145,
  "Qwen-2.5-72b": 0.008437625293544877,
  "gemma-2-27b": 0.002677702044790652,
  "phi-4": 0.0027194665597495083
}