{
  "book": "The Complete Joy of Homebrewing",
  "Llama-2-7b": 0.0012082569257664565,
  "Llama-3-8b": 0.0018488848166155465,
  "Llama-3.1-8b": 0.0018237127973287452,
  "huggyllama-13b": 0.00106981081968905,
  "Llama-2-13b": 0.0014272534935616268,
  "pythia-12b": 0.002012502941979754,
  "huggyllama-65b": 0.0015984232247118748,
  "Llama-2-70b": 0.0017142145134311601,
  "Llama-3-70b": 0.0023963762361034723,
  "Llama-3.1-70b": 0.002455530481427455,
  "deepseek-1-67b": 0.0019760035140138923,
  "Qwen-2.5-72b": 0.0019583831005131314,
  "gemma-2-27b": 0.0018916772494031084,
  "phi-4": 0.001668904878714918
}