{
  "book": "The Bedwetter",
  "Llama-2-7b": 0.003776411761441757,
  "Llama-3-8b": 0.004158677115253005,
  "Llama-3.1-8b": 0.004241912313260292,
  "huggyllama-13b": 0.004978697954880357,
  "Llama-2-13b": 0.0060700038843092404,
  "pythia-12b": 0.005749394232725614,
  "huggyllama-65b": 0.006029927677861287,
  "Llama-2-70b": 0.006122411231202718,
  "Llama-3-70b": 0.006233391495212435,
  "Llama-3.1-70b": 0.006282716056994531,
  "deepseek-1-67b": 0.006862279657934164,
  "Qwen-2.5-72b": 0.004772151352417828,
  "gemma-2-27b": 0.005761725373171138,
  "phi-4": 0.0038627297445604255
}