{
  "book": "The Lemon Table",
  "Llama-2-7b": 0.0,
  "Llama-3-8b": 0.0,
  "Llama-3.1-8b": 0.0,
  "huggyllama-13b": 0.0,
  "Llama-2-13b": 0.0,
  "pythia-12b": 0.0,
  "huggyllama-65b": 0.0009627485527309338,
  "Llama-2-70b": 0.0008400453058142462,
  "Llama-3-70b": 0.0025956456078530077,
  "Llama-3.1-70b": 0.002737226277372263,
  "deepseek-1-67b": 0.0,
  "Qwen-2.5-72b": 0.0,
  "gemma-2-27b": 0.0,
  "phi-4": 0.0
}