{
  "book": "The Goldfinch",
  "Llama-2-7b": 0.0009070667239507904,
  "Llama-3-8b": 0.00129869891084576,
  "Llama-3.1-8b": 0.0007011380622970974,
  "huggyllama-13b": 0.0013391491836705926,
  "Llama-2-13b": 0.0012496682771186902,
  "pythia-12b": 0.0013930828807703693,
  "huggyllama-65b": 0.007114344953797821,
  "Llama-2-70b": 0.009131342648745154,
  "Llama-3-70b": 0.008238372231990894,
  "Llama-3.1-70b": 0.010832092756152885,
  "deepseek-1-67b": 0.0017032016390940855,
  "Qwen-2.5-72b": 0.0014647901825962089,
  "gemma-2-27b": 0.0007930705005353533,
  "phi-4": 0.0007140086036504532
}