{
  "book": "The President's Vampire",
  "Llama-2-7b": 0.004307664430469931,
  "Llama-3-8b": 0.0044456250025738915,
  "Llama-3.1-8b": 0.004239713700926189,
  "huggyllama-13b": 0.004824501797605663,
  "Llama-2-13b": 0.004247950152992097,
  "pythia-12b": 0.0059096543572890545,
  "huggyllama-65b": 0.005578137161636253,
  "Llama-2-70b": 0.005633733213081133,
  "Llama-3-70b": 0.005637851439114087,
  "Llama-3.1-70b": 0.005816994271547588,
  "deepseek-1-67b": 0.00598172331286575,
  "Qwen-2.5-72b": 0.005771693785185094,
  "gemma-2-27b": 0.005335161825691965,
  "phi-4": 0.0010810343336504367
}