{
  "book": "The Fault in Our Stars",
  "Llama-2-7b": 0.008389642683388291,
  "Llama-3-8b": 0.013541272501216282,
  "Llama-3.1-8b": 0.010357316611708741,
  "huggyllama-13b": 0.015400832477431212,
  "Llama-2-13b": 0.01566030596248446,
  "pythia-12b": 0.0041731985512730415,
  "huggyllama-65b": 0.07156332774744581,
  "Llama-2-70b": 0.056086815503540735,
  "Llama-3-70b": 0.11041948213416941,
  "Llama-3.1-70b": 0.0958727498783718,
  "deepseek-1-67b": 0.011827666360343802,
  "Qwen-2.5-72b": 0.00986269528082599,
  "gemma-2-27b": 0.010268122601221688,
  "phi-4": 0.010260014054813773
}