{
  "book": "The Gondola Maker",
  "Llama-2-7b": 0.0014949687263268686,
  "Llama-3-8b": 0.001557538418908561,
  "Llama-3.1-8b": 0.001557538418908561,
  "huggyllama-13b": 0.0014949687263268686,
  "Llama-2-13b": 0.0014949687263268686,
  "pythia-12b": 0.0015374267320073028,
  "huggyllama-65b": 0.0027240162591815435,
  "Llama-2-70b": 0.0014949687263268686,
  "Llama-3-70b": 0.002985468188897902,
  "Llama-3.1-70b": 0.003950829160158301,
  "deepseek-1-67b": 0.001541895995763138,
  "Qwen-2.5-72b": 0.0015642423145423138,
  "gemma-2-27b": 0.001541895995763138,
  "phi-4": 0.0015642423145423138
}