{
  "book": "The Book Thief",
  "Llama-2-7b": 0.0005403380888019743,
  "Llama-3-8b": 0.0012805272515444047,
  "Llama-3.1-8b": 0.0005995532218213686,
  "huggyllama-13b": 0.0010762350426274938,
  "Llama-2-13b": 0.0005403380888019743,
  "pythia-12b": 0.0006039943567978232,
  "huggyllama-65b": 0.009573606630910595,
  "Llama-2-70b": 0.013549902813162932,
  "Llama-3-70b": 0.02200730418665794,
  "Llama-3.1-70b": 0.025261175746073665,
  "deepseek-1-67b": 0.0022176067315763217,
  "Qwen-2.5-72b": 0.0022294497581802006,
  "gemma-2-27b": 0.0007002189479543392,
  "phi-4": 0.0012968114131247381
}