{
  "book": "The Handmaid's Tale",
  "Llama-2-7b": 0.0016743102569702264,
  "Llama-3-8b": 0.0037719872951651897,
  "Llama-3.1-8b": 0.0028831086232725296,
  "huggyllama-13b": 0.0029750615893303907,
  "Llama-2-13b": 0.00422600506507588,
  "pythia-12b": 0.0030861714233169735,
  "huggyllama-65b": 0.028195078217491752,
  "Llama-2-70b": 0.03779650042336678,
  "Llama-3-70b": 0.06590345704838642,
  "Llama-3.1-70b": 0.09569430236434064,
  "deepseek-1-67b": 0.0033945969969693835,
  "Qwen-2.5-72b": 0.009247020149193687,
  "gemma-2-27b": 0.0028179752723148776,
  "phi-4": 0.002879277249686785
}