{
  "book": "The Girl with the Dragon Tattoo",
  "Llama-2-7b": 0.00037124736988790243,
  "Llama-3-8b": 0.00045847454562087666,
  "Llama-3.1-8b": 0.00045847454562087666,
  "huggyllama-13b": 0.0,
  "Llama-2-13b": 0.00034890870293189687,
  "pythia-12b": 0.00043719962471039516,
  "huggyllama-65b": 0.0016668900533362268,
  "Llama-2-70b": 0.0004988968953507915,
  "Llama-3-70b": 0.00805681254879935,
  "Llama-3.1-70b": 0.01157249322925642,
  "deepseek-1-67b": 0.0007871720736878161,
  "Qwen-2.5-72b": 0.0003723111159334265,
  "gemma-2-27b": 0.0,
  "phi-4": 0.0
}