{
  "book": "The Daughter of Odren",
  "Llama-2-7b": 0.0,
  "Llama-3-8b": 0.0,
  "Llama-3.1-8b": 0.0,
  "huggyllama-13b": 0.0,
  "Llama-2-13b": 0.006020332822173,
  "pythia-12b": 0.008500407035080744,
  "huggyllama-65b": 0.006020332822173,
  "Llama-2-70b": 0.006777607390999792,
  "Llama-3-70b": 0.015675583574714602,
  "Llama-3.1-70b": 0.0158649022169213,
  "deepseek-1-67b": 0.008500407035080744,
  "Qwen-2.5-72b": 0.008159633479108688,
  "gemma-2-27b": 0.007591677552488594,
  "phi-4": 0.0
}