{
  "book": "The Future of the Internet and How to Stop It",
  "Llama-2-7b": 0.0017330715650101041,
  "Llama-3-8b": 0.0036896938682909877,
  "Llama-3.1-8b": 0.0036908005551141107,
  "huggyllama-13b": 0.004591643629135965,
  "Llama-2-13b": 0.0032691528755043726,
  "pythia-12b": 0.00225321437187776,
  "huggyllama-65b": 0.01129927246408248,
  "Llama-2-70b": 0.01270808478991764,
  "Llama-3-70b": 0.018812569306262298,
  "Llama-3.1-70b": 0.021800623728693513,
  "deepseek-1-67b": 0.004011739733819685,
  "Qwen-2.5-72b": 0.00931498299022353,
  "gemma-2-27b": 0.00405490051992147,
  "phi-4": 0.0021702128601435596
}