{
  "book": "The Old Man and the Sea",
  "Llama-2-7b": 0.0033814280429152795,
  "Llama-3-8b": 0.012830188679245283,
  "Llama-3.1-8b": 0.0060821309655937844,
  "huggyllama-13b": 0.006962634110247873,
  "Llama-2-13b": 0.005571587125416205,
  "pythia-12b": 0.006274509803921568,
  "huggyllama-65b": 0.07834998150203477,
  "Llama-2-70b": 0.1498631150573437,
  "Llama-3-70b": 0.6390825009248983,
  "Llama-3.1-70b": 0.7266666666666667,
  "deepseek-1-67b": 0.043581206067332595,
  "Qwen-2.5-72b": 0.3390899001109878,
  "gemma-2-27b": 0.04285608583055864,
  "phi-4": 0.01889012208657048
}