{
  "book": "The Dragon Never Sleeps",
  "Llama-2-7b": 0.0,
  "Llama-3-8b": 0.0,
  "Llama-3.1-8b": 0.0,
  "huggyllama-13b": 0.0003530344985893148,
  "Llama-2-13b": 0.0,
  "pythia-12b": 0.0,
  "huggyllama-65b": 0.0007017105465787616,
  "Llama-2-70b": 0.0007220499827114792,
  "Llama-3-70b": 0.000604371816515041,
  "Llama-3.1-70b": 0.000604371816515041,
  "deepseek-1-67b": 0.0007511063200439332,
  "Qwen-2.5-72b": 0.0,
  "gemma-2-27b": 0.0,
  "phi-4": 0.0
}