{
  "book": "The Heretic Queen",
  "Llama-2-7b": 0.0009517590942794852,
  "Llama-3-8b": 0.0009596640701455938,
  "Llama-3.1-8b": 0.0009596640701455938,
  "huggyllama-13b": 0.0009517590942794852,
  "Llama-2-13b": 0.0009517590942794852,
  "pythia-12b": 0.0017248657339849142,
  "huggyllama-65b": 0.0009517590942794852,
  "Llama-2-70b": 0.0009517590942794852,
  "Llama-3-70b": 0.0009596640701455938,
  "Llama-3.1-70b": 0.0009596640701455938,
  "deepseek-1-67b": 0.0022039072714711,
  "Qwen-2.5-72b": 0.001707474787079475,
  "gemma-2-27b": 0.0009501780991062634,
  "phi-4": 0.0009565020797991504
}