{
  "book": "The Infernal Machine",
  "Llama-2-7b": 0.0,
  "Llama-3-8b": 0.0,
  "Llama-3.1-8b": 0.0,
  "huggyllama-13b": 0.0,
  "Llama-2-13b": 0.0,
  "pythia-12b": 0.0011229156242363592,
  "huggyllama-65b": 0.0,
  "Llama-2-70b": 0.0009929754742815473,
  "Llama-3-70b": 0.0011229156242363592,
  "Llama-3.1-70b": 0.0009910360690583411,
  "deepseek-1-67b": 0.0011617037287004822,
  "Qwen-2.5-72b": 0.0010608546570937624,
  "gemma-2-27b": 0.0,
  "phi-4": 0.0
}