{
  "book": "The Lonely Soldier",
  "Llama-2-7b": 0.0005633503765372274,
  "Llama-3-8b": 0.0,
  "Llama-3.1-8b": 0.0,
  "huggyllama-13b": 0.0009982774149580654,
  "Llama-2-13b": 0.0005633503765372274,
  "pythia-12b": 0.0005701996212367682,
  "huggyllama-65b": 0.0018835422923737086,
  "Llama-2-70b": 0.0024982620041574914,
  "Llama-3-70b": 0.0010445098166799655,
  "Llama-3.1-70b": 0.0018818299811988234,
  "deepseek-1-67b": 0.0012653979582401551,
  "Qwen-2.5-72b": 0.0009451957685366247,
  "gemma-2-27b": 0.0009451957685366247,
  "phi-4": 0.0
}