{
  "book": "The World's Wife",
  "Llama-2-7b": 0.007285082174462706,
  "Llama-3-8b": 0.014380530973451327,
  "Llama-3.1-8b": 0.014380530973451327,
  "huggyllama-13b": 0.013938053097345133,
  "Llama-2-13b": 0.008549304677623262,
  "pythia-12b": 0.021586599241466498,
  "huggyllama-65b": 0.03200063211125158,
  "Llama-2-70b": 0.03125790139064475,
  "Llama-3-70b": 0.07411504424778761,
  "Llama-3.1-70b": 0.07563211125158027,
  "deepseek-1-67b": 0.020780657395701643,
  "Qwen-2.5-72b": 0.02781289506953224,
  "gemma-2-27b": 0.022424146649810368,
  "phi-4": 0.006858407079646018
}