{
  "book": "The Hitchhiker's Guide to the Galaxy - Omnibus",
  "Llama-2-7b": 0.006737552410731959,
  "Llama-3-8b": 0.013415594949940554,
  "Llama-3.1-8b": 0.011986711186950261,
  "huggyllama-13b": 0.01258116305575428,
  "Llama-2-13b": 0.011742203236560795,
  "pythia-12b": 0.002862942297417401,
  "huggyllama-65b": 0.051446930778376185,
  "Llama-2-70b": 0.059647649812867326,
  "Llama-3-70b": 0.18050443671966063,
  "Llama-3.1-70b": 0.23483565572763107,
  "deepseek-1-67b": 0.023863458480868224,
  "Qwen-2.5-72b": 0.018561258297422577,
  "gemma-2-27b": 0.013290753589027414,
  "phi-4": 0.0031210340228285042
}