{
  "book": "The Duchess War",
  "Llama-2-7b": 0.0008929756171035314,
  "Llama-3-8b": 0.0008768375035414194,
  "Llama-3.1-8b": 0.0008768375035414194,
  "huggyllama-13b": 0.0008929756171035314,
  "Llama-2-13b": 0.0008750443798122958,
  "pythia-12b": 0.0016765706867305258,
  "huggyllama-65b": 0.0008750443798122958,
  "Llama-2-70b": 0.0008929756171035314,
  "Llama-3-70b": 0.0008768375035414194,
  "Llama-3.1-70b": 0.0008911824933744079,
  "deepseek-1-67b": 0.0023041639919237707,
  "Qwen-2.5-72b": 0.000894768740832655,
  "gemma-2-27b": 0.0008911824933744079,
  "phi-4": 0.0008732512560831723
}