{
  "book": "The Cat's Pajamas",
  "Llama-2-7b": 0.0061568879729881985,
  "Llama-3-8b": 0.007392626999443918,
  "Llama-3.1-8b": 0.007388992472895518,
  "huggyllama-13b": 0.00685471707028084,
  "Llama-2-13b": 0.008617462446254439,
  "pythia-12b": 0.007218169725120757,
  "huggyllama-65b": 0.009871374105452153,
  "Llama-2-70b": 0.009362540388676269,
  "Llama-3-70b": 0.009780510941742175,
  "Llama-3.1-70b": 0.009635129879806206,
  "deepseek-1-67b": 0.006818371804796848,
  "Qwen-2.5-72b": 0.009406154707257058,
  "gemma-2-27b": 0.007236342357862753,
  "phi-4": 0.007676120070219053
}