{
  "book": "The Land Before Avocado",
  "Llama-2-7b": 0.006733235085927799,
  "Llama-3-8b": 0.006724532067721086,
  "Llama-3.1-8b": 0.007760191234320062,
  "huggyllama-13b": 0.007760191234320062,
  "Llama-2-13b": 0.006733235085927799,
  "pythia-12b": 0.01045812687840143,
  "huggyllama-65b": 0.008981514789328938,
  "Llama-2-70b": 0.009837311579655825,
  "Llama-3-70b": 0.011795490676166495,
  "Llama-3.1-70b": 0.011969551040300777,
  "deepseek-1-67b": 0.011412557875071075,
  "Qwen-2.5-72b": 0.009376051614699978,
  "gemma-2-27b": 0.006388015363728141,
  "phi-4": 0.006756443134479037
}