{
  "book": "The Outsiders",
  "Llama-2-7b": 0.00973950578496592,
  "Llama-3-8b": 0.009534607346292022,
  "Llama-3.1-8b": 0.010822052535959676,
  "huggyllama-13b": 0.009930744327728223,
  "Llama-2-13b": 0.011026950974633574,
  "pythia-12b": 0.010716188342644829,
  "huggyllama-65b": 0.029860532462742635,
  "Llama-2-70b": 0.056278771155763796,
  "Llama-3-70b": 0.09330733399811493,
  "Llama-3.1-70b": 0.11502998347152595,
  "deepseek-1-67b": 0.012000218558334585,
  "Qwen-2.5-72b": 0.014260931331703253,
  "gemma-2-27b": 0.03948734410643791,
  "phi-4": 0.00784078025325447
}