{
  "book": "The Myth of Sisyphus",
  "Llama-2-7b": 0.014511499493556524,
  "Llama-3-8b": 0.04011986296565444,
  "Llama-3.1-8b": 0.033761963148871935,
  "huggyllama-13b": 0.021172423661712594,
  "Llama-2-13b": 0.026601609957155724,
  "pythia-12b": 0.008159211238836499,
  "huggyllama-65b": 0.05942644224159458,
  "Llama-2-70b": 0.09185565940062905,
  "Llama-3-70b": 0.20215371751957734,
  "Llama-3.1-70b": 0.2489906202740126,
  "deepseek-1-67b": 0.02200574062798991,
  "Qwen-2.5-72b": 0.05904485602134638,
  "gemma-2-27b": 0.03148928051357016,
  "phi-4": 0.023226255376577902
}