{
  "book": "The Brief Wondrous Life of Oscar Wao",
  "Llama-2-7b": 0.0035052163255064324,
  "Llama-3-8b": 0.0042618489244042965,
  "Llama-3.1-8b": 0.0033527316946060973,
  "huggyllama-13b": 0.004165339664340794,
  "Llama-2-13b": 0.004510842815368134,
  "pythia-12b": 0.0042174546647750855,
  "huggyllama-65b": 0.007020083577019215,
  "Llama-2-70b": 0.00876304081376608,
  "Llama-3-70b": 0.015157744385573796,
  "Llama-3.1-70b": 0.017553104220349943,
  "deepseek-1-67b": 0.005093758746151693,
  "Qwen-2.5-72b": 0.0052308018954418676,
  "gemma-2-27b": 0.003377824102222608,
  "phi-4": 0.0
}