{
  "book": "The Water Dancer",
  "Llama-2-7b": 0.006292591469917933,
  "Llama-3-8b": 0.006319254993095551,
  "Llama-3.1-8b": 0.006319254993095551,
  "huggyllama-13b": 0.006292591469917933,
  "Llama-2-13b": 0.006855332143298193,
  "pythia-12b": 0.0071275807483749285,
  "huggyllama-65b": 0.006794988380317268,
  "Llama-2-70b": 0.007401232696776801,
  "Llama-3-70b": 0.007008296565738215,
  "Llama-3.1-70b": 0.009130151673346581,
  "deepseek-1-67b": 0.007628574315449126,
  "Qwen-2.5-72b": 0.007207571317907784,
  "gemma-2-27b": 0.0068735756065249854,
  "phi-4": 0.00626873463339059
}