{
  "book": "The Pretender",
  "Llama-2-7b": 0.0019354975224387019,
  "Llama-3-8b": 0.0007244112913564788,
  "Llama-3.1-8b": 0.0006995174325469778,
  "huggyllama-13b": 0.0019255399789149016,
  "Llama-2-13b": 0.0018508584024863985,
  "pythia-12b": 0.0026263021044023544,
  "huggyllama-65b": 0.0026462171914499555,
  "Llama-2-70b": 0.0026238127185214044,
  "Llama-3-70b": 0.002539173598569101,
  "Llama-3.1-70b": 0.002588961316188103,
  "deepseek-1-67b": 0.0024508003997953725,
  "Qwen-2.5-72b": 0.0025043221962357995,
  "gemma-2-27b": 0.002220532205807488,
  "phi-4": 0.0
}