{
  "book": "The Hunger Games",
  "Llama-2-7b": 0.002266342850108001,
  "Llama-3-8b": 0.0024454119148078924,
  "Llama-3.1-8b": 0.002370799804516271,
  "huggyllama-13b": 0.0035869772022697004,
  "Llama-2-13b": 0.0037306055145810714,
  "pythia-12b": 0.0021432328681268258,
  "huggyllama-65b": 0.0275337340003656,
  "Llama-2-70b": 0.0332098502908007,
  "Llama-3-70b": 0.11091836315952443,
  "Llama-3.1-70b": 0.14205586208697535,
  "deepseek-1-67b": 0.005370206638239452,
  "Qwen-2.5-72b": 0.01346935121039496,
  "gemma-2-27b": 0.014534439084807855,
  "phi-4": 0.0035701894774540855
}