{
  "book": "The Baghdad Clock",
  "Llama-2-7b": 0.0,
  "Llama-3-8b": 0.0,
  "Llama-3.1-8b": 0.0,
  "huggyllama-13b": 0.0,
  "Llama-2-13b": 0.0,
  "pythia-12b": 0.0012112261539850935,
  "huggyllama-65b": 0.0006906114035879918,
  "Llama-2-70b": 0.001073103873267495,
  "Llama-3-70b": 0.001840745010332609,
  "Llama-3.1-70b": 0.0010996658503285715,
  "deepseek-1-67b": 0.0009110758131949278,
  "Qwen-2.5-72b": 0.0,
  "gemma-2-27b": 0.0009827931512598346,
  "phi-4": 0.0
}