{
  "book": "The Grapes of Wrath",
  "Llama-2-7b": 0.0024395031799305123,
  "Llama-3-8b": 0.006493271354705669,
  "Llama-3.1-8b": 0.006300779306914276,
  "huggyllama-13b": 0.004841842053604271,
  "Llama-2-13b": 0.006835373558453736,
  "pythia-12b": 0.0013779381242888752,
  "huggyllama-65b": 0.028084780358950023,
  "Llama-2-70b": 0.030631964733932156,
  "Llama-3-70b": 0.06622012323302782,
  "Llama-3.1-70b": 0.07682719741107726,
  "deepseek-1-67b": 0.004401587964101186,
  "Qwen-2.5-72b": 0.02703941512911261,
  "gemma-2-27b": 0.008883222126293841,
  "phi-4": 0.004664596900687445
}