{
  "book": "The Catcher in the Rye",
  "Llama-2-7b": 0.015318567159850647,
  "Llama-3-8b": 0.016017690407511172,
  "Llama-3.1-8b": 0.020199483166665803,
  "huggyllama-13b": 0.022920885141818444,
  "Llama-2-13b": 0.02774224620531437,
  "pythia-12b": 0.00823929694094739,
  "huggyllama-65b": 0.11565311058058302,
  "Llama-2-70b": 0.18139399996892785,
  "Llama-3-70b": 0.31736570360281513,
  "Llama-3.1-70b": 0.41301353191886025,
  "deepseek-1-67b": 0.022335693090072967,
  "Qwen-2.5-72b": 0.043456983205505985,
  "gemma-2-27b": 0.027276164040207353,
  "phi-4": 0.010207199415843686
}