{
  "book": "The Confessions of Max Tivoli",
  "Llama-2-7b": 0.0,
  "Llama-3-8b": 0.0,
  "Llama-3.1-8b": 0.0,
  "huggyllama-13b": 0.0,
  "Llama-2-13b": 0.0,
  "pythia-12b": 0.0011096334821315127,
  "huggyllama-65b": 0.0,
  "Llama-2-70b": 0.0,
  "Llama-3-70b": 0.001027046257316381,
  "Llama-3.1-70b": 0.0010693986802984999,
  "deepseek-1-67b": 0.0012896312798055176,
  "Qwen-2.5-72b": 0.0,
  "gemma-2-27b": 0.0006861092523103247,
  "phi-4": 0.0
}