{
  "book": "The Night Children",
  "Llama-2-7b": 0.002099434065599708,
  "Llama-3-8b": 0.0,
  "Llama-3.1-8b": 0.0,
  "huggyllama-13b": 0.002099434065599708,
  "Llama-2-13b": 0.002099434065599708,
  "pythia-12b": 0.003179577679060427,
  "huggyllama-65b": 0.0031187245177386963,
  "Llama-2-70b": 0.0031187245177386963,
  "Llama-3-70b": 0.0,
  "Llama-3.1-70b": 0.0,
  "deepseek-1-67b": 0.003184648775837238,
  "Qwen-2.5-72b": 0.002991947098318424,
  "gemma-2-27b": 0.0,
  "phi-4": 0.0
}