{
  "book": "The Curious Incident of the Dog in the Night-Time",
  "Llama-2-7b": 0.0035510157448950287,
  "Llama-3-8b": 0.0043044486507684086,
  "Llama-3.1-8b": 0.003970961954726094,
  "huggyllama-13b": 0.004570002871690994,
  "Llama-2-13b": 0.0046255839876980466,
  "pythia-12b": 0.0032823736841942745,
  "huggyllama-65b": 0.01817193709452804,
  "Llama-2-70b": 0.02361579862344103,
  "Llama-3-70b": 0.07471645911236957,
  "Llama-3.1-70b": 0.09908877848146215,
  "deepseek-1-67b": 0.005740294147617268,
  "Qwen-2.5-72b": 0.00866756625732204,
  "gemma-2-27b": 0.003865975402268327,
  "phi-4": 0.0025505556567680817
}