{
  "book": "The Christmas Train",
  "Llama-2-7b": 0.001764402783488521,
  "Llama-3-8b": 0.001962182446534432,
  "Llama-3.1-8b": 0.001962182446534432,
  "huggyllama-13b": 0.001764402783488521,
  "Llama-2-13b": 0.001764402783488521,
  "pythia-12b": 0.0019830013584340015,
  "huggyllama-65b": 0.0024514268761743167,
  "Llama-2-70b": 0.002529497795797703,
  "Llama-3-70b": 0.003661526130336798,
  "Llama-3.1-70b": 0.004816975740762909,
  "deepseek-1-67b": 0.002735084550805952,
  "Qwen-2.5-72b": 0.0019283517146976314,
  "gemma-2-27b": 0.0018632926150114763,
  "phi-4": 0.0019153398947604004
}