{
  "book": "The 7 Habits of Highly Effective People",
  "Llama-2-7b": 0.004454166239815081,
  "Llama-3-8b": 0.00980003145475349,
  "Llama-3.1-8b": 0.012769475614630212,
  "huggyllama-13b": 0.009859189477374943,
  "Llama-2-13b": 0.01205813646457228,
  "pythia-12b": 0.0022537763740172194,
  "huggyllama-65b": 0.0749575432971796,
  "Llama-2-70b": 0.07851279616886873,
  "Llama-3-70b": 0.29186115467802887,
  "Llama-3.1-70b": 0.36309029967145656,
  "deepseek-1-67b": 0.021809110046907984,
  "Qwen-2.5-72b": 0.03843828591793772,
  "gemma-2-27b": 0.02172975172387921,
  "phi-4": 0.0029708870384772437
}