{
  "book": "The Alchemist",
  "Llama-2-7b": 0.01678580518802604,
  "Llama-3-8b": 0.03905040055564423,
  "Llama-3.1-8b": 0.029171322200316648,
  "huggyllama-13b": 0.027173936489173996,
  "Llama-2-13b": 0.02932231248085659,
  "pythia-12b": 0.006647886351772841,
  "huggyllama-65b": 0.11897171304944285,
  "Llama-2-70b": 0.1074619396642839,
  "Llama-3-70b": 0.40687566597498737,
  "Llama-3.1-70b": 0.49061056155442334,
  "deepseek-1-67b": 0.03850252153768502,
  "Qwen-2.5-72b": 0.05840304051284927,
  "gemma-2-27b": 0.03972769981406626,
  "phi-4": 0.010405387333209665
}