{
  "book": "The DevOps Adoption Playbook",
  "Llama-2-7b": 0.010226300401186597,
  "Llama-3-8b": 0.010520311249433024,
  "Llama-3.1-8b": 0.010529106445748088,
  "huggyllama-13b": 0.0120217769060761,
  "Llama-2-13b": 0.01151416843303526,
  "pythia-12b": 0.007207035151886758,
  "huggyllama-65b": 0.01498450160763624,
  "Llama-2-70b": 0.015130250575143016,
  "Llama-3-70b": 0.014971937041471864,
  "Llama-3.1-70b": 0.017493645470662365,
  "deepseek-1-67b": 0.0141037255195134,
  "Qwen-2.5-72b": 0.01725994454000495,
  "gemma-2-27b": 0.012435151132884108,
  "phi-4": 0.011099537749610812
}