{
  "book": "The Chronicles of Narnia",
  "Llama-2-7b": 0.004475620852221426,
  "Llama-3-8b": 0.010220777153242516,
  "Llama-3.1-8b": 0.010128394482139931,
  "huggyllama-13b": 0.01151878273338826,
  "Llama-2-13b": 0.010288175831531193,
  "pythia-12b": 0.0,
  "huggyllama-65b": 0.07585024013684256,
  "Llama-2-70b": 0.08419024555197774,
  "Llama-3-70b": 0.3289526129189322,
  "Llama-3.1-70b": 0.36466577808868966,
  "deepseek-1-67b": 0.01066293572373979,
  "Qwen-2.5-72b": 0.023368748627332955,
  "gemma-2-27b": 0.007377250157166746,
  "phi-4": 0.004553477946106622
}