{
  "book": "The Servants of Twilight",
  "Llama-2-7b": 0.003326020467267062,
  "Llama-3-8b": 0.0032973581723965383,
  "Llama-3.1-8b": 0.0037213212840230396,
  "huggyllama-13b": 0.0038873237418148247,
  "Llama-2-13b": 0.003757149152611195,
  "pythia-12b": 0.0046671770147503336,
  "huggyllama-65b": 0.005216537666435378,
  "Llama-2-70b": 0.004431907344354782,
  "Llama-3-70b": 0.005427922091105493,
  "Llama-3.1-70b": 0.005492412254564172,
  "deepseek-1-67b": 0.0046552343918876155,
  "Qwen-2.5-72b": 0.004482066360378199,
  "gemma-2-27b": 0.002876977847628852,
  "phi-4": 0.0009052508129940513
}