{
  "book": "The Great Gatsby",
  "Llama-2-7b": 0.05147487724738804,
  "Llama-3-8b": 0.11437220807029203,
  "Llama-3.1-8b": 0.1250673754937793,
  "huggyllama-13b": 0.14281020415697568,
  "Llama-2-13b": 0.12505260826226602,
  "pythia-12b": 0.014519880385424743,
  "huggyllama-65b": 0.735976667774209,
  "Llama-2-70b": 0.7181710783770813,
  "Llama-3-70b": 0.8529405249750803,
  "Llama-3.1-70b": 0.8877099715730793,
  "deepseek-1-67b": 0.2368737770886403,
  "Qwen-2.5-72b": 0.2685827149555137,
  "gemma-2-27b": 0.336393842064459,
  "phi-4": 0.08706021338649536
}