{
  "book": "The Infinity Link",
  "Llama-2-7b": 0.0005720244359578611,
  "Llama-3-8b": 0.0005064297282932161,
  "Llama-3.1-8b": 0.0005160760088321344,
  "huggyllama-13b": 0.0006684872413470452,
  "Llama-2-13b": 0.0006781335218859636,
  "pythia-12b": 0.0014999966238018114,
  "huggyllama-65b": 0.0010389044140415118,
  "Llama-2-70b": 0.0006781335218859636,
  "Llama-3-70b": 0.0010215411090714586,
  "Llama-3.1-70b": 0.0010215411090714586,
  "deepseek-1-67b": 0.0015057843921251624,
  "Qwen-2.5-72b": 0.0014729870382928399,
  "gemma-2-27b": 0.0006800627779937473,
  "phi-4": 0.0
}