{
  "book": "The Hours",
  "Llama-2-7b": 0.0019265717015656126,
  "Llama-3-8b": 0.008796033198233924,
  "Llama-3.1-8b": 0.007059932929075932,
  "huggyllama-13b": 0.0071754647815198995,
  "Llama-2-13b": 0.006435436429378813,
  "pythia-12b": 0.002126410581468691,
  "huggyllama-65b": 0.017298553041610203,
  "Llama-2-70b": 0.017517126816504195,
  "Llama-3-70b": 0.03489061943807805,
  "Llama-3.1-70b": 0.037719588581706,
  "deepseek-1-67b": 0.006963135971622879,
  "Qwen-2.5-72b": 0.014666300295386844,
  "gemma-2-27b": 0.007684429428773051,
  "phi-4": 0.008483784948385364
}