{
  "book": "The Tide Was Always High",
  "Llama-2-7b": 0.0,
  "Llama-3-8b": 0.0008124594762679793,
  "Llama-3.1-8b": 0.0008653884323766424,
  "huggyllama-13b": 0.0010281449724107816,
  "Llama-2-13b": 0.0010135895094808992,
  "pythia-12b": 0.0007846717743109312,
  "huggyllama-65b": 0.001573313220330012,
  "Llama-2-70b": 0.002445317772220237,
  "Llama-3-70b": 0.003325261667526762,
  "Llama-3.1-70b": 0.0032710094875153823,
  "deepseek-1-67b": 0.0014489301734746537,
  "Qwen-2.5-72b": 0.0015177378164159157,
  "gemma-2-27b": 0.0012901433051486643,
  "phi-4": 0.0008151059240734125
}