{
  "book": "Things Fall Apart",
  "Llama-2-7b": 0.0072482411094988665,
  "Llama-3-8b": 0.013090055879719675,
  "Llama-3.1-8b": 0.010678549254079494,
  "huggyllama-13b": 0.006274033596437968,
  "Llama-2-13b": 0.007038992312679448,
  "pythia-12b": 0.0018455057817843778,
  "huggyllama-65b": 0.047146155139116144,
  "Llama-2-70b": 0.06840720501922688,
  "Llama-3-70b": 0.2503816217810846,
  "Llama-3.1-70b": 0.31994484064503514,
  "deepseek-1-67b": 0.0075432476099328,
  "Qwen-2.5-72b": 0.135569208181971,
  "gemma-2-27b": 0.06914129096216713,
  "phi-4": 0.016856534222469206
}