{
  "book": "This Is How You Lose Her",
  "Llama-2-7b": 0.006629631987775372,
  "Llama-3-8b": 0.005220934674646632,
  "Llama-3.1-8b": 0.005220934674646632,
  "huggyllama-13b": 0.005336336431936839,
  "Llama-2-13b": 0.006558003310836623,
  "pythia-12b": 0.006959919775881829,
  "huggyllama-65b": 0.008555647523239526,
  "Llama-2-70b": 0.01021106583471285,
  "Llama-3-70b": 0.01113825926397555,
  "Llama-3.1-70b": 0.011480485164905132,
  "deepseek-1-67b": 0.006868394244237871,
  "Qwen-2.5-72b": 0.006928084808353495,
  "gemma-2-27b": 0.004070896472685598,
  "phi-4": 0.0
}