{
  "book": "Toscanini",
  "Llama-2-7b": 0.0,
  "Llama-3-8b": 0.0,
  "Llama-3.1-8b": 0.0,
  "huggyllama-13b": 0.0,
  "Llama-2-13b": 0.0,
  "pythia-12b": 0.0002124235183574294,
  "huggyllama-65b": 0.0,
  "Llama-2-70b": 0.0,
  "Llama-3-70b": 0.00020921193168679873,
  "Llama-3.1-70b": 0.00020921193168679873,
  "deepseek-1-67b": 0.00029363078131480525,
  "Qwen-2.5-72b": 0.0001913188059504278,
  "gemma-2-27b": 0.00018948361356721025,
  "phi-4": 0.0
}