{
  "book": "Tree and Leaf",
  "Llama-2-7b": 0.01691586444461043,
  "Llama-3-8b": 0.04072549286677768,
  "Llama-3.1-8b": 0.04733805805876176,
  "huggyllama-13b": 0.03500046134175758,
  "Llama-2-13b": 0.0466526360189282,
  "pythia-12b": 0.006261066710018146,
  "huggyllama-65b": 0.1229322003365598,
  "Llama-2-70b": 0.1786051661489387,
  "Llama-3-70b": 0.3562524989345202,
  "Llama-3.1-70b": 0.3865824241971555,
  "deepseek-1-67b": 0.03237740392008682,
  "Qwen-2.5-72b": 0.14395620328914704,
  "gemma-2-27b": 0.03557604010597679,
  "phi-4": 0.034209589757334236
}