{
  "book": "Twilight",
  "Llama-2-7b": 0.00046065586589795905,
  "Llama-3-8b": 0.0,
  "Llama-3.1-8b": 0.0,
  "huggyllama-13b": 0.0,
  "Llama-2-13b": 0.00046065586589795905,
  "pythia-12b": 0.0,
  "huggyllama-65b": 0.022533749440175162,
  "Llama-2-70b": 0.016506835194676866,
  "Llama-3-70b": 0.04824943662071956,
  "Llama-3.1-70b": 0.0566819981659072,
  "deepseek-1-67b": 0.000499043854722789,
  "Qwen-2.5-72b": 0.0005360100661837363,
  "gemma-2-27b": 0.0015611115455430834,
  "phi-4": 0.0
}