{
  "book": "Ulysses",
  "Llama-2-7b": 0.0018834941524426753,
  "Llama-3-8b": 0.008068335334169773,
  "Llama-3.1-8b": 0.006084348043242137,
  "huggyllama-13b": 0.0026856339943615525,
  "Llama-2-13b": 0.0032903980912321242,
  "pythia-12b": 0.0010271963316995677,
  "huggyllama-65b": 0.015537924124671667,
  "Llama-2-70b": 0.10141984167817523,
  "Llama-3-70b": 0.6567557565418325,
  "Llama-3.1-70b": 0.7611326238638108,
  "deepseek-1-67b": 0.0044072559656518065,
  "Qwen-2.5-72b": 0.008828352303669804,
  "gemma-2-27b": 0.006565150544137249,
  "phi-4": 0.003645433730190967
}