{
  "book": "Uncommon Type",
  "Llama-2-7b": 0.007950335907578326,
  "Llama-3-8b": 0.007444120047717712,
  "Llama-3.1-8b": 0.007444120047717712,
  "huggyllama-13b": 0.007969956677340365,
  "Llama-2-13b": 0.007950335907578326,
  "pythia-12b": 0.00931005525208765,
  "huggyllama-65b": 0.0093355622527783,
  "Llama-2-70b": 0.009537656181327306,
  "Llama-3-70b": 0.008327054687009481,
  "Llama-3.1-70b": 0.008327054687009481,
  "deepseek-1-67b": 0.010628570980096692,
  "Qwen-2.5-72b": 0.00962398756828028,
  "gemma-2-27b": 0.00831135807119985,
  "phi-4": 0.007489247818170402
}