{
  "book": "Unglued",
  "Llama-2-7b": 0.03580903581553827,
  "Llama-3-8b": 0.044606861393606784,
  "Llama-3.1-8b": 0.0443467630764429,
  "huggyllama-13b": 0.04324784768642547,
  "Llama-2-13b": 0.04208065648815252,
  "pythia-12b": 0.030675345280516034,
  "huggyllama-65b": 0.04842055296902229,
  "Llama-2-70b": 0.04584232840013525,
  "Llama-3-70b": 0.04964951751762166,
  "Llama-3.1-70b": 0.05204892449345853,
  "deepseek-1-67b": 0.048459567716596874,
  "Qwen-2.5-72b": 0.045517205503680394,
  "gemma-2-27b": 0.03494420891096835,
  "phi-4": 0.017355060212760422
}