{
  "book": "Waiting for Godot",
  "Llama-2-7b": 0.0,
  "Llama-3-8b": 0.01625574859478794,
  "Llama-3.1-8b": 0.017078117015840572,
  "huggyllama-13b": 0.016615035769034236,
  "Llama-2-13b": 0.023273824731732243,
  "pythia-12b": 0.014084057230454777,
  "huggyllama-65b": 0.11643299693408278,
  "Llama-2-70b": 0.13832556208482372,
  "Llama-3-70b": 0.6195787557485948,
  "Llama-3.1-70b": 0.7115323198773633,
  "deepseek-1-67b": 0.036535513541134386,
  "Qwen-2.5-72b": 0.06665176290240163,
  "gemma-2-27b": 0.09223300970873786,
  "phi-4": 0.00405595298926929
}