{
  "book": "We Should All Be Mirandas",
  "Llama-2-7b": 0.005466120201703806,
  "Llama-3-8b": 0.005536707710361805,
  "Llama-3.1-8b": 0.005536707710361805,
  "huggyllama-13b": 0.005466120201703806,
  "Llama-2-13b": 0.006957281322104037,
  "pythia-12b": 0.007936683004733774,
  "huggyllama-65b": 0.0068249297433702885,
  "Llama-2-70b": 0.007045515707926536,
  "Llama-3-70b": 0.005536707710361805,
  "Llama-3.1-70b": 0.005580824903273054,
  "deepseek-1-67b": 0.0077028618823041526,
  "Qwen-2.5-72b": 0.008007270513391774,
  "gemma-2-27b": 0.007954329881898274,
  "phi-4": 0.0055896483418553045
}