{
  "book": "We Were Eight Years in Power",
  "Llama-2-7b": 0.01210628076867765,
  "Llama-3-8b": 0.013651887048720009,
  "Llama-3.1-8b": 0.015127766729662711,
  "huggyllama-13b": 0.015883138219908978,
  "Llama-2-13b": 0.014459553488291015,
  "pythia-12b": 0.008878520285356108,
  "huggyllama-65b": 0.08403217301493457,
  "Llama-2-70b": 0.07916438481528988,
  "Llama-3-70b": 0.12057762676804139,
  "Llama-3.1-70b": 0.14257055823405768,
  "deepseek-1-67b": 0.014227131491292165,
  "Qwen-2.5-72b": 0.04395245226996396,
  "gemma-2-27b": 0.014344795127272833,
  "phi-4": 0.0074418618164069595
}