{
  "book": "White Teeth",
  "Llama-2-7b": 0.00044880366730869106,
  "Llama-3-8b": 0.0004580046536544273,
  "Llama-3.1-8b": 0.0004580046536544273,
  "huggyllama-13b": 0.00045493765820584853,
  "Llama-2-13b": 0.00044880366730869106,
  "pythia-12b": 0.00045391532638965564,
  "huggyllama-65b": 0.0019546984325608595,
  "Llama-2-70b": 0.004130220537419389,
  "Llama-3-70b": 0.007529473826260842,
  "Llama-3.1-70b": 0.008936202405342297,
  "deepseek-1-67b": 0.00046516097636777775,
  "Qwen-2.5-72b": 0.0008516024028887008,
  "gemma-2-27b": 0.00046107164910300606,
  "phi-4": 0.00046107164910300606
}