{
  "book": "Who Is Rich?",
  "Llama-2-7b": 0.008541358915258913,
  "Llama-3-8b": 0.008665896449913878,
  "Llama-3.1-8b": 0.008665896449913878,
  "huggyllama-13b": 0.008617997398123507,
  "Llama-2-13b": 0.008522199294542765,
  "pythia-12b": 0.01038834635229561,
  "huggyllama-65b": 0.009336483174979067,
  "Llama-2-70b": 0.009949591037895814,
  "Llama-3-70b": 0.009796314072166627,
  "Llama-3.1-70b": 0.00965453287886713,
  "deepseek-1-67b": 0.010373018655722691,
  "Qwen-2.5-72b": 0.010022397596617178,
  "gemma-2-27b": 0.009489760140708254,
  "phi-4": 0.008443644849606557
}