{
  "book": "Why New Orleans Matters",
  "Llama-2-7b": 0.012427755982816138,
  "Llama-3-8b": 0.013562239931454955,
  "Llama-3.1-8b": 0.014466653708691496,
  "huggyllama-13b": 0.01224131980943843,
  "Llama-2-13b": 0.013300435943307536,
  "pythia-12b": 0.015371067485928036,
  "huggyllama-65b": 0.014014446820073226,
  "Llama-2-70b": 0.014331784987524644,
  "Llama-3-70b": 0.014974394776613763,
  "Llama-3.1-70b": 0.014974394776613763,
  "deepseek-1-67b": 0.015240165491854326,
  "Qwen-2.5-72b": 0.015248098946040612,
  "gemma-2-27b": 0.014597555702765205,
  "phi-4": 0.011856547281403586
}