{
  "book": "Windfall",
  "Llama-2-7b": 0.01929168357921331,
  "Llama-3-8b": 0.003923394699007249,
  "Llama-3.1-8b": 0.002958905356756736,
  "huggyllama-13b": 0.02427535269772506,
  "Llama-2-13b": 0.022966606097621117,
  "pythia-12b": 0.00691833800562192,
  "huggyllama-65b": 0.03325164731365535,
  "Llama-2-70b": 0.033402437682797756,
  "Llama-3-70b": 0.010354272014445528,
  "Llama-3.1-70b": 0.01147334519424455,
  "deepseek-1-67b": 0.02404015765654696,
  "Qwen-2.5-72b": 0.009898107438612198,
  "gemma-2-27b": 0.01589273588734916,
  "phi-4": 0.001781981783764714
}