{
  "book": "Winnie the Pooh",
  "Llama-2-7b": 0.022094170580573863,
  "Llama-3-8b": 0.027090815802975884,
  "Llama-3.1-8b": 0.03691834076646801,
  "huggyllama-13b": 0.03450290089592296,
  "Llama-2-13b": 0.03636578916209496,
  "pythia-12b": 0.01008801357698228,
  "huggyllama-65b": 0.2614437384062833,
  "Llama-2-70b": 0.40181552670008286,
  "Llama-3-70b": 0.7730512688952915,
  "Llama-3.1-70b": 0.7993685124521451,
  "deepseek-1-67b": 0.04864822196787307,
  "Qwen-2.5-72b": 0.05824683269526779,
  "gemma-2-27b": 0.039625843627895965,
  "phi-4": 0.014784702214153215
}