{
  "book": "Winter Sisters",
  "Llama-2-7b": 0.009504532253806213,
  "Llama-3-8b": 0.009429728064771627,
  "Llama-3.1-8b": 0.00941506057672563,
  "huggyllama-13b": 0.009014638153069906,
  "Llama-2-13b": 0.00951919974185221,
  "pythia-12b": 0.00952359998826601,
  "huggyllama-65b": 0.010098565519669101,
  "Llama-2-70b": 0.010145501481416293,
  "Llama-3-70b": 0.009473730528909619,
  "Llama-3.1-70b": 0.009473730528909619,
  "deepseek-1-67b": 0.010208571680014081,
  "Qwen-2.5-72b": 0.009486931268151016,
  "gemma-2-27b": 0.009384258851829036,
  "phi-4": 0.00802898295637889
}