{
  "book": "Wizard's First Rule",
  "Llama-2-7b": 0.0008191835227085718,
  "Llama-3-8b": 0.0008923249086646943,
  "Llama-3.1-8b": 0.0008923249086646943,
  "huggyllama-13b": 0.001258641349994941,
  "Llama-2-13b": 0.001022760380286446,
  "pythia-12b": 0.00047115242786735566,
  "huggyllama-65b": 0.0018236585565059873,
  "Llama-2-70b": 0.0018321917182008683,
  "Llama-3-70b": 0.002495340284203045,
  "Llama-3.1-70b": 0.002969540269818573,
  "deepseek-1-67b": 0.0012763171849343373,
  "Qwen-2.5-72b": 0.0008831822354201789,
  "gemma-2-27b": 0.001201956775878946,
  "phi-4": 0.0004778570549133335
}