{
  "book": "Zombie Halloween",
  "Llama-2-7b": 0.011017711467477279,
  "Llama-3-8b": 0.005850057383913893,
  "Llama-3.1-8b": 0.009572257204007568,
  "huggyllama-13b": 0.010540029157231925,
  "Llama-2-13b": 0.009429572877570644,
  "pythia-12b": 0.01157604144049133,
  "huggyllama-65b": 0.011017711467477279,
  "Llama-2-70b": 0.011836595427897887,
  "Llama-3-70b": 0.010992896802009988,
  "Llama-3.1-70b": 0.011116970129346444,
  "deepseek-1-67b": 0.014367691305561587,
  "Qwen-2.5-72b": 0.009820403858680481,
  "gemma-2-27b": 0.009373739880269238,
  "phi-4": 0.0024938738794627623
}